,temp,rain,production,futures,rust
0,25.7498,208.84099999999998,2347.25,0.7865,0.0
1,25.7498,208.84099999999998,2347.25,0.7715,0.0
2,25.7498,208.84099999999998,2347.25,0.7979999999999999,0.0
3,25.7498,208.84099999999998,2347.25,0.763,0.0
4,25.7498,208.84099999999998,2347.25,0.7490000000000001,0.0
5,24.2654,56.0826,2349.33,2.116,0.0
6,24.2654,56.0826,2349.33,1.786,0.0
7,24.2654,56.0826,2349.33,1.94,0.0
8,24.2654,56.0826,2349.33,1.8275,0.0
9,24.2654,56.0826,2349.33,2.1116,0.0
10,25.5113,83.3549,2349.33,2.121,0.0
11,25.5113,83.3549,2349.33,2.1555,0.0
12,25.5113,83.3549,2349.33,2.124,0.0
13,25.5113,83.3549,2349.33,2.2755,0.0
14,25.5113,83.3549,2349.33,2.161,0.0
15,26.1809,120.58,2349.33,2.096,0.0
16,26.1809,120.58,2349.33,1.7975,0.0
17,26.1809,120.58,2349.33,2.0385,0.0
18,26.1809,120.58,2349.33,1.9675,0.0
19,26.1809,120.58,2349.33,1.874,0.0
20,26.0029,158.92,2349.33,1.8635,0.0
21,26.0029,158.92,2349.33,1.89,0.0
22,26.0029,158.92,2349.33,1.7125,0.0
23,26.0029,158.92,2349.33,1.6035,0.0
24,26.0029,158.92,2349.33,1.6072,0.0
25,25.9198,196.57,2349.33,1.617,0.0
26,25.9198,196.57,2349.33,1.6445,0.0
27,26.1926,207.87900000000002,3247.67,1.2995,0.0
28,26.1926,207.87900000000002,3247.67,1.335,0.0
29,26.1926,207.87900000000002,3247.67,1.3345,0.0
30,26.1926,207.87900000000002,3247.67,1.3365,0.0
31,26.1926,207.87900000000002,3247.67,1.3619999999999999,0.0
32,25.541,269.327,3247.67,1.34,0.0
33,25.541,269.327,3247.67,1.3559999999999999,0.0
34,25.541,269.327,3247.67,1.349,0.0
35,25.541,269.327,3247.67,1.3130000000000002,0.0
36,25.541,269.327,3247.67,1.3655,0.0
37,25.8444,179.768,2347.25,0.7755,1.0
38,25.8444,179.768,2347.25,0.7545,1.0
39,25.8444,179.768,2347.25,0.7385,1.0
40,25.8444,179.768,2347.25,0.743,1.0
41,25.8444,179.768,2347.25,0.7828,1.0
42,25.9198,196.57,2349.33,1.504,1.0
43,25.9198,196.57,2349.33,1.7175,1.0
44,25.9198,196.57,2349.33,1.7385,1.0
45,26.1695,115.49799999999999,1505.0,1.218,1.0
46,26.1695,115.49799999999999,1505.0,1.1405,1.0
47,26.1695,115.49799999999999,1505.0,1.2590000000000001,1.0
48,26.1695,115.49799999999999,1505.0,1.2635,1.0
49,26.1695,115.49799999999999,1505.0,1.2055,1.0
50,25.8871,190.862,1505.0,1.2225,1.0
51,25.8871,190.862,1505.0,1.2790000000000001,1.0
52,25.8871,190.862,1505.0,1.2545,1.0
53,25.8871,190.862,1505.0,1.1415,1.0
54,25.8871,190.862,1505.0,1.0978,1.0
55,25.8754,226.168,1505.0,1.044,1.0
56,25.8754,226.168,1505.0,1.0155,1.0
57,25.8754,226.168,1505.0,1.0775,1.0
58,25.8754,226.168,1505.0,0.9635,1.0
59,25.8754,226.168,1505.0,0.9490000000000001,1.0
60,26.0175,191.727,3063.42,1.197,1.0
61,26.0175,191.727,3063.42,1.1965,1.0
62,26.0175,191.727,3063.42,1.14,1.0
63,26.0175,191.727,3063.42,1.0812,1.0
64,26.0175,191.727,3063.42,1.1054,1.0
65,25.8869,173.981,3964.83,1.1035,1.0
66,25.8869,173.981,3964.83,1.109,1.0
67,25.8869,173.981,3964.83,1.288,1.0
68,25.8869,173.981,3964.83,1.103,1.0
69,25.8869,173.981,3964.83,1.168,1.0
70,25.8937,180.83700000000002,2609.17,0.7390000000000001,1.0
71,25.8937,180.83700000000002,2609.17,0.753,1.0
72,25.8937,180.83700000000002,2609.17,0.703,1.0
73,25.8937,180.83700000000002,2609.17,0.6829999999999999,1.0
74,25.8937,180.83700000000002,2609.17,0.7277,1.0
75,26.4455,174.975,2613.75,0.452,1.0
76,26.4455,174.975,2613.75,0.4575,1.0
77,26.4455,174.975,2613.75,0.484,1.0
78,26.4455,174.975,2613.75,0.4575,1.0
79,26.4679,146.828,4029.33,0.64,1.0
80,26.4679,146.828,4029.33,0.6785,1.0
81,26.4679,146.828,4029.33,0.664,1.0
82,26.4679,146.828,4029.33,0.677,1.0
83,26.2583,151.721,2406.08,0.5865,1.0
84,26.2583,151.721,2406.08,0.591,1.0
85,26.2583,151.721,2406.08,0.5925,1.0
86,26.2583,151.721,2406.08,0.5841,1.0
87,25.2383,45.3446,3582.25,0.983,1.0
88,25.2383,45.3446,3582.25,1.071,1.0
89,25.2383,45.3446,3582.25,1.0285,1.0
90,25.2383,45.3446,3582.25,1.082,1.0
91,25.2383,45.3446,3582.25,1.0490000000000002,1.0
92,25.7479,242.99900000000002,3247.67,1.391,1.0
93,25.7479,242.99900000000002,3247.67,1.472,1.0
94,25.7479,242.99900000000002,3247.67,1.4985,1.0
95,25.7479,242.99900000000002,3247.67,1.6015,1.0
96,25.7479,242.99900000000002,3247.67,1.6636,1.0
97,25.6103,282.22700000000003,3247.67,1.6755,1.0
98,25.6103,282.22700000000003,3247.67,1.505,1.0
99,25.6103,282.22700000000003,3247.67,1.36,1.0
100,25.6103,282.22700000000003,3247.67,1.2875,1.0
101,25.6103,282.22700000000003,3247.67,1.274,1.0
102,26.6425,117.0,4250.0,1.3019999999999998,1.0
103,26.6425,117.0,4250.0,1.2515,1.0
104,26.6425,117.0,4250.0,1.2045,1.0
105,26.6425,117.0,4250.0,1.2095,1.0
106,26.6425,117.0,4250.0,1.2229999999999999,1.0
107,26.1481,189.563,2349.33,1.6775,2.0
108,26.1481,189.563,2349.33,1.69,2.0
109,26.1481,189.563,2349.33,1.703,2.0
110,26.1481,189.563,2349.33,1.666,2.0
111,26.1481,189.563,2349.33,1.555,2.0
112,26.3697,126.911,3063.42,1.0270000000000001,2.0
113,26.3697,126.911,3063.42,1.1145,2.0
114,26.3697,126.911,3063.42,1.0685,2.0
115,26.3697,126.911,3063.42,1.0675,2.0
116,26.3697,126.911,3063.42,1.074,2.0
117,26.015,117.68299999999999,3964.83,0.8135,2.0
118,26.015,117.68299999999999,3964.83,0.851,2.0
119,26.015,117.68299999999999,3964.83,1.084,2.0
120,26.015,117.68299999999999,3964.83,0.929,2.0
121,26.015,117.68299999999999,3964.83,1.002,2.0
122,26.5363,107.227,2609.17,0.7935,2.0
123,26.5363,107.227,2609.17,0.7995,2.0
124,26.5363,107.227,2609.17,0.8565,2.0
125,26.5363,107.227,2609.17,0.7845,2.0
126,26.5363,107.227,2609.17,0.735,2.0
127,26.3197,132.565,2613.75,0.474,2.0
128,26.3197,132.565,2613.75,0.45899999999999996,2.0
129,26.3197,132.565,2613.75,0.4385,2.0
130,26.3197,132.565,2613.75,0.425,2.0
131,26.3197,132.565,2613.75,0.4365,2.0
132,26.9941,119.59,4029.33,0.5655,2.0
133,26.9941,119.59,4029.33,0.5825,2.0
134,26.9941,119.59,4029.33,0.6970000000000001,2.0
135,26.9941,119.59,4029.33,0.6409999999999999,2.0
136,26.9941,119.59,4029.33,0.629,2.0
137,26.2036,107.93299999999999,2406.08,0.6515,2.0
138,26.2036,107.93299999999999,2406.08,0.6265,2.0
139,26.2036,107.93299999999999,2406.08,0.6105,2.0
140,26.2036,107.93299999999999,2406.08,0.6185,2.0
141,26.2036,107.93299999999999,2406.08,0.613,2.0
142,25.177,200.521,4207.5,1.291,2.0
143,25.177,200.521,4207.5,1.3319999999999999,2.0
144,25.177,200.521,4207.5,1.3419999999999999,2.0
145,25.177,200.521,4207.5,1.3530000000000002,2.0
146,25.177,200.521,4207.5,1.3492,2.0
147,26.1698,158.431,4207.5,1.1235,2.0
148,26.1698,158.431,4207.5,1.128,2.0
149,26.1698,158.431,4207.5,1.1055,2.0
150,26.1698,158.431,4207.5,1.1257,2.0
151,26.2946,203.727,3063.42,1.0885,3.0
152,26.2946,203.727,3063.42,1.1185,3.0
153,26.2946,203.727,3063.42,1.212,3.0
154,26.2946,203.727,3063.42,1.1605,3.0
155,26.2946,203.727,3063.42,1.168,3.0
156,26.1328,228.322,3964.83,1.3085,3.0
157,26.1328,228.322,3964.83,1.291,3.0
158,26.1328,228.322,3964.83,1.2835,3.0
159,26.1328,228.322,3964.83,1.1765,3.0
160,26.1328,228.322,3964.83,1.2,3.0
161,25.9276,215.71099999999998,2609.17,0.7165,3.0
162,25.9276,215.71099999999998,2609.17,0.68,3.0
163,25.9276,215.71099999999998,2609.17,0.667,3.0
164,25.9276,215.71099999999998,2609.17,0.654,3.0
165,25.9276,215.71099999999998,2609.17,0.6555,3.0
166,26.039,225.24,2613.75,0.461,3.0
167,26.039,225.24,2613.75,0.4685,3.0
168,26.039,225.24,2613.75,0.4635,3.0
169,26.039,225.24,2613.75,0.465,3.0
170,26.3824,237.28799999999998,4029.33,0.7285,3.0
171,26.3824,237.28799999999998,4029.33,0.6629999999999999,3.0
172,26.3824,237.28799999999998,4029.33,0.6125,3.0
173,26.3824,237.28799999999998,4029.33,0.6145,3.0
174,26.3824,237.28799999999998,4029.33,0.6135,3.0
175,26.5912,161.256,2406.08,0.624,3.0
176,26.5912,161.256,2406.08,0.6645,3.0
177,26.5912,161.256,2406.08,0.622,3.0
178,26.5912,161.256,2406.08,0.6409999999999999,3.0
179,26.5912,161.256,2406.08,0.6395,3.0
180,25.9458,245.87400000000002,2744.42,0.9645,3.0
181,25.9458,245.87400000000002,2744.42,0.9620000000000001,3.0
182,25.9458,245.87400000000002,2744.42,0.9785,3.0
183,25.9458,245.87400000000002,2744.42,1.028,3.0
184,25.9458,245.87400000000002,2744.42,1.069,3.0
185,25.9974,162.671,2274.42,0.8540000000000001,4.0
186,25.9974,162.671,2274.42,0.8015,4.0
187,25.9974,162.671,2274.42,0.7879999999999999,4.0
188,25.9974,162.671,2274.42,0.784,4.0
189,25.9872,122.421,2347.25,0.735,4.0
190,25.9872,122.421,2347.25,0.741,4.0
191,25.9872,122.421,2347.25,0.7509999999999999,4.0
192,25.9872,122.421,2347.25,0.7715,4.0
193,25.9872,122.421,2347.25,0.7929999999999999,4.0
194,25.9412,133.44299999999998,2274.42,0.7879999999999999,5.0
195,25.9412,133.44299999999998,2274.42,0.787,5.0
196,25.9412,133.44299999999998,2274.42,0.7865,5.0
197,25.9412,133.44299999999998,2274.42,0.7959999999999999,5.0
198,24.4257,95.8098,2883.58,0.547,5.0
199,24.4257,95.8098,2883.58,0.5345,5.0
200,24.4257,95.8098,2883.58,0.5215,5.0
201,24.4257,95.8098,2883.58,0.5685,5.0
202,24.4257,95.8098,2883.58,0.541,5.0
203,25.5448,265.248,2347.25,0.725,5.0
204,25.5448,265.248,2347.25,0.7305,5.0
205,25.5448,265.248,2347.25,0.737,5.0
206,25.5448,265.248,2347.25,0.7465,5.0
207,25.5448,265.248,2347.25,0.7235,5.0
208,25.5879,117.602,2883.58,0.5670000000000001,6.0
209,25.5879,117.602,2883.58,0.604,6.0
210,25.5879,117.602,2883.58,0.6285,6.0
211,25.5879,117.602,2883.58,0.6595,6.0
212,25.5879,117.602,2883.58,0.6715,6.0
213,25.7423,217.778,2347.25,0.7240000000000001,6.0
214,25.7423,217.778,2347.25,0.7595,6.0
215,25.7423,217.778,2347.25,0.765,6.0
216,25.7423,217.778,2347.25,0.763,6.0
217,24.0721,136.21,4207.5,1.2925,6.0
218,24.0721,136.21,4207.5,1.3455,6.0
219,24.0721,136.21,4207.5,1.368,6.0
220,24.0721,136.21,4207.5,1.3419999999999999,6.0
221,24.0721,136.21,4207.5,1.325,6.0
222,23.3609,78.7739,4207.5,1.3735,7.0
223,23.3609,78.7739,4207.5,1.3105,7.0
224,23.3609,78.7739,4207.5,1.3605,7.0
225,23.3609,78.7739,4207.5,1.4380000000000002,7.0
226,23.3609,78.7739,4207.5,1.5274,7.0
227,25.5867,72.8734,4207.5,1.4445,7.0
228,25.5867,72.8734,4207.5,1.401,7.0
229,25.5867,72.8734,4207.5,1.334,7.0
230,25.5867,72.8734,4207.5,1.349,7.0
231,25.5867,72.8734,4207.5,1.3045,7.0
232,25.5752,96.1997,2274.42,0.812,8.0
233,25.5752,96.1997,2274.42,0.8029999999999999,8.0
234,25.5752,96.1997,2274.42,0.799,8.0
235,25.5752,96.1997,2274.42,0.836,8.0
236,25.0619,84.6527,2347.25,0.7895,8.0
237,25.0619,84.6527,2347.25,0.7879999999999999,8.0
238,25.0619,84.6527,2347.25,0.821,8.0
239,25.0619,84.6527,2347.25,0.7855,8.0
240,25.0619,84.6527,2347.25,0.7565,8.0
241,25.4517,258.888,2347.25,0.7665,8.0
242,25.4517,258.888,2347.25,0.7865,8.0
243,25.4517,258.888,2347.25,0.8140000000000001,8.0
244,25.4517,258.888,2347.25,0.8290000000000001,8.0
245,25.4517,258.888,2347.25,0.812,8.0
246,26.1067,245.532,3063.42,1.226,8.0
247,26.1067,245.532,3063.42,1.1995,8.0
248,26.1067,245.532,3063.42,1.0655,8.0
249,26.1067,245.532,3063.42,1.058,8.0
250,25.9065,255.08599999999998,3964.83,1.165,8.0
251,25.9065,255.08599999999998,3964.83,1.1755,8.0
252,25.9065,255.08599999999998,3964.83,1.1575,8.0
253,25.9065,255.08599999999998,3964.83,1.1285,8.0
254,25.8022,212.125,2609.17,0.634,8.0
255,25.8022,212.125,2609.17,0.638,8.0
256,25.8022,212.125,2609.17,0.674,8.0
257,25.8022,212.125,2609.17,0.6985,8.0
258,25.8022,212.125,2609.17,0.642,8.0
259,25.9703,272.975,2613.75,0.4735,8.0
260,25.9703,272.975,2613.75,0.5085,8.0
261,25.9703,272.975,2613.75,0.5025,8.0
262,25.9703,272.975,2613.75,0.46799999999999997,8.0
263,25.9703,272.975,2613.75,0.447,8.0
264,26.3988,214.46400000000003,4029.33,0.6165,8.0
265,26.3988,214.46400000000003,4029.33,0.627,8.0
266,26.3988,214.46400000000003,4029.33,0.6585,8.0
267,26.3988,214.46400000000003,4029.33,0.682,8.0
268,26.3988,214.46400000000003,4029.33,0.6395,8.0
269,26.1081,267.688,2406.08,0.6859999999999999,8.0
270,26.1081,267.688,2406.08,0.708,8.0
271,26.1081,267.688,2406.08,0.708,8.0
272,26.1081,267.688,2406.08,0.7735,8.0
273,26.5366,212.477,2744.42,1.0859999999999999,8.0
274,26.5366,212.477,2744.42,1.1909999999999998,8.0
275,26.5366,212.477,2744.42,1.238,8.0
276,26.5366,212.477,2744.42,1.224,8.0
277,26.5366,212.477,2744.42,1.182,8.0
278,26.843000000000004,117.42200000000001,4207.5,1.291,8.0
279,26.843000000000004,117.42200000000001,4207.5,1.1455,8.0
280,26.843000000000004,117.42200000000001,4207.5,1.1325,8.0
281,26.843000000000004,117.42200000000001,4207.5,1.126,8.0
282,26.843000000000004,117.42200000000001,4207.5,1.122,8.0
283,26.0212,227.673,2349.33,1.5575,9.0
284,26.0212,227.673,2349.33,1.5685,9.0
285,26.0212,227.673,2349.33,1.6525,9.0
286,26.0212,227.673,2349.33,1.6915,9.0
287,26.0443,215.18099999999998,3063.42,1.0555,9.0
288,26.0443,215.18099999999998,3063.42,1.04,9.0
289,26.0443,215.18099999999998,3063.42,1.0095,9.0
290,26.0443,215.18099999999998,3063.42,1.028,9.0
291,25.7341,262.415,3964.83,1.1165,9.0
292,25.7341,262.415,3964.83,1.0855,9.0
293,25.7341,262.415,3964.83,1.058,9.0
294,25.7341,262.415,3964.83,1.032,9.0
295,25.7341,262.415,3964.83,1.003,9.0
296,26.1029,210.46599999999998,2609.17,0.647,9.0
297,26.1029,210.46599999999998,2609.17,0.62,9.0
298,26.1029,210.46599999999998,2609.17,0.615,9.0
299,26.1029,210.46599999999998,2609.17,0.6285,9.0
300,26.0612,212.28799999999998,2613.75,0.4545,9.0
301,26.0612,212.28799999999998,2613.75,0.4455,9.0
302,26.0612,212.28799999999998,2613.75,0.441,9.0
303,26.0612,212.28799999999998,2613.75,0.48,9.0
304,26.4573,232.662,4029.33,0.6615,9.0
305,26.4573,232.662,4029.33,0.6679999999999999,9.0
306,26.4573,232.662,4029.33,0.6115,9.0
307,26.4573,232.662,4029.33,0.6,9.0
308,25.7854,270.303,2406.08,0.7495,9.0
309,25.7854,270.303,2406.08,0.715,9.0
310,25.7854,270.303,2406.08,0.743,9.0
311,25.7854,270.303,2406.08,0.6975,9.0
312,26.026999999999997,202.0,4250.0,1.2395,9.0
313,26.026999999999997,202.0,4250.0,1.203,9.0
314,26.026999999999997,202.0,4250.0,1.1875,9.0
315,26.026999999999997,202.0,4250.0,1.19,9.0
316,26.026999999999997,202.0,4250.0,1.1815,9.0
317,25.3478,169.34799999999998,2883.58,0.6779999999999999,11.0
318,25.3478,169.34799999999998,2883.58,0.6195,11.0
319,25.3478,169.34799999999998,2883.58,0.725,11.0
320,25.3478,169.34799999999998,2883.58,0.7001,11.0
321,25.3478,169.34799999999998,2883.58,0.7278,11.0
322,26.275,226.571,2744.42,1.1725,12.0
323,26.275,226.571,2744.42,1.1345,12.0
324,26.275,226.571,2744.42,1.078,12.0
325,26.275,226.571,2744.42,1.095,12.0
326,25.643,260.878,2273.83,0.8805,15.0
327,25.643,260.878,2273.83,0.9045,15.0
328,25.643,260.878,2273.83,0.861,15.0
329,25.643,260.878,2273.83,0.867,15.0
330,25.643,260.878,2273.83,0.8315,15.0
331,25.7505,66.9051,1505.0,1.5115,15.0
332,25.7505,66.9051,1505.0,1.3685,15.0
333,25.7505,66.9051,1505.0,1.2975,15.0
334,25.7505,66.9051,1505.0,1.256,15.0
335,25.7505,66.9051,1505.0,1.1725,15.0
336,25.7172,78.6213,3063.42,1.136,16.0
337,25.7172,78.6213,3063.42,1.1565,16.0
338,25.7172,78.6213,3063.42,1.046,16.0
339,25.7172,78.6213,3063.42,1.0285,16.0
340,25.7172,78.6213,3063.42,1.057,16.0
341,25.5916,83.7153,3964.83,0.9425,16.0
342,25.5916,83.7153,3964.83,0.9079999999999999,16.0
343,25.5916,83.7153,3964.83,0.845,16.0
344,25.5916,83.7153,3964.83,0.818,16.0
345,25.5916,83.7153,3964.83,0.867,16.0
346,25.1845,108.85,2609.17,0.8035,16.0
347,25.1845,108.85,2609.17,0.823,16.0
348,25.1845,108.85,2609.17,0.8125,16.0
349,25.1845,108.85,2609.17,0.78,16.0
350,25.1845,108.85,2609.17,0.83,16.0
351,25.6916,87.8372,2613.75,0.5105,16.0
352,25.6916,87.8372,2613.75,0.5085,16.0
353,25.6916,87.8372,2613.75,0.4915,16.0
354,25.689,72.054,4029.33,0.5585,16.0
355,25.689,72.054,4029.33,0.5995,16.0
356,25.689,72.054,4029.33,0.617,16.0
357,25.689,72.054,4029.33,0.5485,16.0
358,25.5222,84.83,2406.08,0.637,16.0
359,25.5222,84.83,2406.08,0.7085,16.0
360,25.5222,84.83,2406.08,0.626,16.0
361,25.5222,84.83,2406.08,0.642,16.0
362,25.5222,84.83,2406.08,0.629,16.0
363,26.1044,256.832,2744.42,1.1405,16.0
364,26.1044,256.832,2744.42,1.0865,16.0
365,26.1044,256.832,2744.42,1.0875,16.0
366,26.1044,256.832,2744.42,1.0415,16.0
367,26.1044,256.832,2744.42,1.0435,16.0
368,24.2316,54.1944,4207.5,1.5535,16.0
369,24.2316,54.1944,4207.5,1.4240000000000002,16.0
370,24.2316,54.1944,4207.5,1.4069999999999998,16.0
371,24.2316,54.1944,4207.5,1.3745,16.0
372,24.2316,54.1944,4207.5,1.364,16.0
373,25.2559,55.0211,4207.5,1.4015,16.0
374,25.2559,55.0211,4207.5,1.358,16.0
375,25.2559,55.0211,4207.5,1.3285,16.0
376,25.2559,55.0211,4207.5,1.4025,16.0
377,25.2559,55.0211,4207.5,1.4498,16.0
378,26.0047,234.8,4207.5,1.119,16.0
379,26.0047,234.8,4207.5,1.0985,16.0
380,26.0047,234.8,4207.5,1.111,16.0
381,26.0047,234.8,4207.5,1.0745,16.0
382,26.0047,234.8,4207.5,1.0755,16.0
383,25.785999999999998,244.21099999999998,4207.5,1.109,16.0
384,25.785999999999998,244.21099999999998,4207.5,1.169,16.0
385,25.785999999999998,244.21099999999998,4207.5,1.158,16.0
386,25.785999999999998,244.21099999999998,4207.5,1.1965,16.0
387,25.785999999999998,244.21099999999998,4207.5,1.189,16.0
388,25.7919,239.898,4207.5,1.1975,16.0
389,25.7919,239.898,4207.5,1.214,16.0
390,25.7919,239.898,4207.5,1.1035,16.0
391,25.7919,239.898,4207.5,1.1085,16.0
392,26.0315,258.226,4207.5,1.057,16.0
393,26.0315,258.226,4207.5,1.063,16.0
394,26.0315,258.226,4207.5,1.1075,16.0
395,26.0315,258.226,4207.5,1.175,16.0
396,26.0315,258.226,4207.5,1.13,16.0
397,25.4516,203.40599999999998,3664.75,1.145,16.0
398,25.4516,203.40599999999998,3664.75,1.182,16.0
399,25.4516,203.40599999999998,3664.75,1.157,16.0
400,25.4516,203.40599999999998,3664.75,1.1695,16.0
401,25.4516,203.40599999999998,3664.75,1.1632,16.0
402,24.7343,142.90200000000002,3664.75,1.204,16.0
403,24.7343,142.90200000000002,3664.75,1.2670000000000001,16.0
404,24.7343,142.90200000000002,3664.75,1.278,16.0
405,24.7343,142.90200000000002,3664.75,1.35,16.0
406,24.7343,142.90200000000002,3664.75,1.374,16.0
407,23.4664,100.96700000000001,3664.75,1.4225,16.0
408,23.4664,100.96700000000001,3664.75,1.3005,16.0
409,23.4664,100.96700000000001,3664.75,1.2135,16.0
410,23.4664,100.96700000000001,3664.75,1.177,16.0
411,23.4664,100.96700000000001,3664.75,1.1929,16.0
412,24.185,73.1322,3664.75,1.1905,16.0
413,24.185,73.1322,3664.75,1.1520000000000001,16.0
414,24.185,73.1322,3664.75,1.1795,16.0
415,24.185,73.1322,3664.75,1.2009999999999998,16.0
416,24.185,73.1322,3664.75,1.2285,16.0
417,25.1073,60.1821,3664.75,1.3305,16.0
418,25.1073,60.1821,3664.75,1.3585,16.0
419,25.1073,60.1821,3664.75,1.2545,16.0
420,25.1073,60.1821,3664.75,1.21,16.0
421,25.1073,60.1821,3664.75,1.2202,16.0
422,26.3294,79.7847,3664.75,1.2009999999999998,16.0
423,26.3294,79.7847,3664.75,1.246,16.0
424,26.3294,79.7847,3664.75,1.3459999999999999,16.0
425,26.3294,79.7847,3664.75,1.3805,16.0
426,26.3294,79.7847,3664.75,1.255,16.0
427,26.5985,150.08,3664.75,1.2670000000000001,16.0
428,26.5985,150.08,3664.75,1.379,16.0
429,26.5985,150.08,3664.75,1.3775,16.0
430,26.5985,150.08,3664.75,1.4365,16.0
431,26.5985,150.08,3664.75,1.3675,16.0
432,27.164,138.861,3664.75,1.4235,16.0
433,27.164,138.861,3664.75,1.4005,16.0
434,27.164,138.861,3664.75,1.3635,16.0
435,27.164,138.861,3664.75,1.3630000000000002,16.0
436,27.164,138.861,3664.75,1.4195,16.0
437,26.1718,238.94099999999997,3664.75,1.4269999999999998,16.0
438,26.1718,238.94099999999997,3664.75,1.439,16.0
439,26.1718,238.94099999999997,3664.75,1.4725,16.0
440,26.1718,238.94099999999997,3664.75,1.4245,16.0
441,26.1718,238.94099999999997,3664.75,1.3635,16.0
442,25.8255,227.438,2274.42,0.705,19.0
443,25.8255,227.438,2274.42,0.695,19.0
444,25.8255,227.438,2274.42,0.667,19.0
445,25.8255,227.438,2274.42,0.6672,19.0
446,25.8348,227.25099999999998,3063.42,1.0315,19.0
447,25.8348,227.25099999999998,3063.42,1.041,19.0
448,25.8348,227.25099999999998,3063.42,1.033,19.0
449,25.8348,227.25099999999998,3063.42,1.0070000000000001,19.0
450,25.8348,227.25099999999998,3063.42,1.128,19.0
451,25.5243,262.83,3964.83,1.0190000000000001,19.0
452,25.5243,262.83,3964.83,1.08,19.0
453,25.5243,262.83,3964.83,1.0315,19.0
454,25.5243,262.83,3964.83,1.058,19.0
455,25.5243,262.83,3964.83,1.0390000000000001,19.0
456,26.0353,231.30599999999998,2609.17,0.648,19.0
457,26.0353,231.30599999999998,2609.17,0.6665,19.0
458,26.0353,231.30599999999998,2609.17,0.61,19.0
459,26.0353,231.30599999999998,2609.17,0.602,19.0
460,26.0353,231.30599999999998,2609.17,0.6175,19.0
461,26.2802,212.225,2613.75,0.4735,19.0
462,26.2802,212.225,2613.75,0.4985,19.0
463,26.2802,212.225,2613.75,0.556,19.0
464,26.2802,212.225,2613.75,0.5429999999999999,19.0
465,26.0458,220.832,4029.33,0.5995,19.0
466,26.0458,220.832,4029.33,0.6145,19.0
467,26.0458,220.832,4029.33,0.5755,19.0
468,26.0458,220.832,4029.33,0.5985,19.0
469,26.0458,220.832,4029.33,0.5865,19.0
470,25.9067,252.8,2406.08,0.76,19.0
471,25.9067,252.8,2406.08,0.752,19.0
472,25.9067,252.8,2406.08,0.7745,19.0
473,25.9067,252.8,2406.08,0.7735,19.0
474,25.9067,252.8,2406.08,0.7240000000000001,19.0
475,26.0192,223.696,2349.33,1.8665,20.0
476,26.0192,223.696,2349.33,1.8135,20.0
477,26.0192,223.696,2349.33,1.788,20.0
478,26.0192,223.696,2349.33,1.6955,20.0
479,26.0192,223.696,2349.33,1.6725,20.0
480,26.8205,117.666,2744.42,0.9285,20.0
481,26.8205,117.666,2744.42,0.9890000000000001,20.0
482,26.8205,117.666,2744.42,1.041,20.0
483,26.8205,117.666,2744.42,1.0315,20.0
484,26.8205,117.666,2744.42,0.9665,20.0
485,26.7675,141.097,2744.42,0.971,20.0
486,26.7675,141.097,2744.42,1.0785,20.0
487,26.7675,141.097,2744.42,0.965,20.0
488,26.7675,141.097,2744.42,0.9865,20.0
489,26.7675,141.097,2744.42,0.9825,20.0
490,25.3391,185.55599999999998,2883.58,0.757,21.0
491,25.3391,185.55599999999998,2883.58,0.78,21.0
492,25.3391,185.55599999999998,2883.58,0.787,21.0
493,25.3391,185.55599999999998,2883.58,0.8155,21.0
494,25.3391,185.55599999999998,2883.58,0.7759999999999999,21.0
495,25.1187,180.127,3964.83,1.1005,25.0
496,25.1187,180.127,3964.83,0.977,25.0
497,25.1187,180.127,3964.83,0.9845,25.0
498,25.1187,180.127,3964.83,0.9695,25.0
499,25.1187,180.127,3964.83,1.0396,25.0
500,25.2622,201.71900000000002,2609.17,1.021,25.0
501,25.2622,201.71900000000002,2609.17,0.9665,25.0
502,25.2622,201.71900000000002,2609.17,0.9665,25.0
503,25.2622,201.71900000000002,2609.17,0.9425,25.0
504,25.8097,168.99400000000003,2613.75,0.595,25.0
505,25.8097,168.99400000000003,2613.75,0.5760000000000001,25.0
506,25.8097,168.99400000000003,2613.75,0.5665,25.0
507,25.8097,168.99400000000003,2613.75,0.6175,25.0
508,25.8097,168.99400000000003,2613.75,0.6393,25.0
509,25.9732,186.854,4029.33,0.585,25.0
510,25.9732,186.854,4029.33,0.5405,25.0
511,25.9732,186.854,4029.33,0.5315,25.0
512,25.9732,186.854,4029.33,0.5385,25.0
513,25.9732,186.854,4029.33,0.5072,25.0
514,25.709,173.983,2406.08,0.583,25.0
515,25.709,173.983,2406.08,0.612,25.0
516,25.709,173.983,2406.08,0.5920000000000001,25.0
517,25.709,173.983,2406.08,0.648,25.0
518,25.709,173.983,2406.08,0.6588,25.0
519,26.0214,162.485,3273.42,0.741,25.0
520,26.0214,162.485,3273.42,0.7255,25.0
521,26.0214,162.485,3273.42,0.7040000000000001,25.0
522,26.0214,162.485,3273.42,0.677,25.0
523,26.0214,162.485,3273.42,0.6928,25.0
524,25.1664,69.8317,2274.42,0.8915,30.0
525,25.1664,69.8317,2274.42,0.925,30.0
526,25.1664,69.8317,2274.42,0.8755,30.0
527,25.1664,69.8317,2274.42,0.917,30.0
528,25.7081,232.165,2274.42,0.79,30.0
529,25.7081,232.165,2274.42,0.794,30.0
530,25.7081,232.165,2274.42,0.789,30.0
531,25.7081,232.165,2274.42,0.7609999999999999,30.0
532,25.7163,212.07299999999998,2883.58,0.748,30.0
533,25.7163,212.07299999999998,2883.58,0.6925,30.0
534,25.7163,212.07299999999998,2883.58,0.6865,30.0
535,25.7163,212.07299999999998,2883.58,0.5605,30.0
536,25.2104,167.747,2349.33,0.804,30.0
537,25.2104,167.747,2349.33,0.8420000000000001,30.0
538,25.2104,167.747,2349.33,0.813,30.0
539,25.2104,167.747,2349.33,0.8435,30.0
540,24.4096,45.5621,3964.83,0.9375,30.0
541,24.4096,45.5621,3964.83,0.9425,30.0
542,24.4096,45.5621,3964.83,0.8975,30.0
543,24.4096,45.5621,3964.83,0.8965,30.0
544,24.4096,45.5621,3964.83,0.8711,30.0
545,24.7715,71.4196,2609.17,0.863,30.0
546,24.7715,71.4196,2609.17,0.8370000000000001,30.0
547,24.7715,71.4196,2609.17,0.7859999999999999,30.0
548,24.7715,71.4196,2609.17,0.7709999999999999,30.0
549,24.7715,71.4196,2609.17,0.7674,30.0
550,25.1831,45.7124,2613.75,0.5125,30.0
551,25.1831,45.7124,2613.75,0.4965,30.0
552,25.1831,45.7124,2613.75,0.49200000000000005,30.0
553,25.1831,45.7124,2613.75,0.508,30.0
554,25.3269,55.8905,4029.33,0.475,30.0
555,25.3269,55.8905,4029.33,0.479,30.0
556,25.3269,55.8905,4029.33,0.465,30.0
557,25.3269,55.8905,4029.33,0.4825,30.0
558,25.3269,55.8905,4029.33,0.5192,30.0
559,24.2107,64.1158,2406.08,0.6505,30.0
560,24.2107,64.1158,2406.08,0.637,30.0
561,24.2107,64.1158,2406.08,0.601,30.0
562,24.2107,64.1158,2406.08,0.603,30.0
563,24.2107,64.1158,2406.08,0.6301,30.0
564,24.5159,53.0218,3273.42,0.6645,30.0
565,24.5159,53.0218,3273.42,0.6735,30.0
566,24.5159,53.0218,3273.42,0.6890000000000001,30.0
567,24.5159,53.0218,3273.42,0.6985,30.0
568,24.5159,53.0218,3273.42,0.7072,30.0
569,25.9575,193.859,2273.83,0.823,32.0
570,25.9575,193.859,2273.83,0.8725,32.0
571,25.9575,193.859,2273.83,0.9055,32.0
572,25.9575,193.859,2273.83,0.8975,32.0
573,25.4243,225.17700000000002,2274.42,0.715,33.0
574,25.4243,225.17700000000002,2274.42,0.7055,33.0
575,25.4243,225.17700000000002,2274.42,0.7340000000000001,33.0
576,25.4243,225.17700000000002,2274.42,0.7425,33.0
577,25.4243,225.17700000000002,2274.42,0.6795,33.0
578,23.9345,144.936,3964.83,1.0270000000000001,34.0
579,23.9345,144.936,3964.83,1.0535,34.0
580,23.9345,144.936,3964.83,1.094,34.0
581,23.9345,144.936,3964.83,1.194,34.0
582,24.6355,128.989,2609.17,1.0355,34.0
583,24.6355,128.989,2609.17,1.0015,34.0
584,24.6355,128.989,2609.17,0.9375,34.0
585,24.6355,128.989,2609.17,1.033,34.0
586,24.6355,128.989,2609.17,1.004,34.0
587,24.771,137.072,2613.75,0.6715,34.0
588,24.771,137.072,2613.75,0.6890000000000001,34.0
589,24.771,137.072,2613.75,0.6459999999999999,34.0
590,24.771,137.072,2613.75,0.6505,34.0
591,24.771,137.072,2613.75,0.598,34.0
592,25.1945,152.347,4029.33,0.509,34.0
593,25.1945,152.347,4029.33,0.504,34.0
594,25.1945,152.347,4029.33,0.494,34.0
595,25.1945,152.347,4029.33,0.507,34.0
596,25.1945,152.347,4029.33,0.5165,34.0
597,24.7453,134.164,2406.08,0.6915,34.0
598,24.7453,134.164,2406.08,0.6875,34.0
599,24.7453,134.164,2406.08,0.648,34.0
600,24.7453,134.164,2406.08,0.6635,34.0
601,24.7453,134.164,2406.08,0.593,34.0
602,24.3635,132.326,3273.42,0.6975,34.0
603,24.3635,132.326,3273.42,0.7195,34.0
604,24.3635,132.326,3273.42,0.6955,34.0
605,24.3635,132.326,3273.42,0.7665,34.0
606,23.7914,62.0607,3964.83,1.0045,35.0
607,23.7914,62.0607,3964.83,0.9645,35.0
608,23.7914,62.0607,3964.83,0.9415,35.0
609,23.7914,62.0607,3964.83,0.981,35.0
610,23.7914,62.0607,3964.83,0.951,35.0
611,22.9562,74.1941,2609.17,0.8809999999999999,35.0
612,22.9562,74.1941,2609.17,0.925,35.0
613,22.9562,74.1941,2609.17,1.1175,35.0
614,22.9562,74.1941,2609.17,0.8695,35.0
615,24.2418,69.1323,2613.75,0.569,35.0
616,24.2418,69.1323,2613.75,0.5495,35.0
617,24.2418,69.1323,2613.75,0.544,35.0
618,24.2418,69.1323,2613.75,0.5395,35.0
619,24.2418,69.1323,2613.75,0.5185,35.0
620,24.3371,63.3801,4029.33,0.5005,35.0
621,24.3371,63.3801,4029.33,0.504,35.0
622,24.3371,63.3801,4029.33,0.5075,35.0
623,24.3371,63.3801,4029.33,0.4845,35.0
624,24.3371,63.3801,4029.33,0.4725,35.0
625,23.9775,57.2875,2406.08,0.61,35.0
626,23.9775,57.2875,2406.08,0.6255,35.0
627,23.9775,57.2875,2406.08,0.627,35.0
628,23.9775,57.2875,2406.08,0.595,35.0
629,23.9775,57.2875,2406.08,0.6295,35.0
630,23.6613,76.1717,3273.42,0.7490000000000001,35.0
631,23.6613,76.1717,3273.42,0.7,35.0
632,23.6613,76.1717,3273.42,0.721,35.0
633,23.6613,76.1717,3273.42,0.7170000000000001,35.0
634,23.6613,76.1717,3273.42,0.6765,35.0
635,23.9156,60.2982,2347.25,0.774,37.0
636,23.9156,60.2982,2347.25,0.7675,37.0
637,23.9156,60.2982,2347.25,0.7140000000000001,37.0
638,23.9156,60.2982,2347.25,0.7575,37.0
639,23.9156,60.2982,2347.25,0.7834,37.0
640,23.7212,84.6363,3964.83,1.2085,38.0
641,23.7212,84.6363,3964.83,1.057,38.0
642,23.7212,84.6363,3964.83,1.0395,38.0
643,23.7212,84.6363,3964.83,1.0555,38.0
644,23.7212,84.6363,3964.83,1.0157,38.0
645,24.0547,78.3671,2609.17,0.9445,38.0
646,24.0547,78.3671,2609.17,0.9255,38.0
647,24.0547,78.3671,2609.17,0.8815,38.0
648,24.0547,78.3671,2609.17,0.8615,38.0
649,23.245,92.9495,2613.75,0.579,38.0
650,23.245,92.9495,2613.75,0.5815,38.0
651,23.245,92.9495,2613.75,0.594,38.0
652,23.245,92.9495,2613.75,0.5589999999999999,38.0
653,23.245,92.9495,2613.75,0.5802,38.0
654,24.0269,79.5932,4029.33,0.512,38.0
655,24.0269,79.5932,4029.33,0.495,38.0
656,24.0269,79.5932,4029.33,0.47100000000000003,38.0
657,24.0269,79.5932,4029.33,0.479,38.0
658,24.5994,87.1816,2406.08,0.6,38.0
659,24.5994,87.1816,2406.08,0.589,38.0
660,24.5994,87.1816,2406.08,0.601,38.0
661,24.5994,87.1816,2406.08,0.563,38.0
662,24.5994,87.1816,2406.08,0.6066,38.0
663,23.8823,74.3153,3273.42,0.8290000000000001,38.0
664,23.8823,74.3153,3273.42,0.816,38.0
665,23.8823,74.3153,3273.42,0.782,38.0
666,23.8823,74.3153,3273.42,0.741,38.0
667,23.8823,74.3153,3273.42,0.7304,38.0
668,23.9083,48.5451,2274.42,0.83,45.0
669,23.9083,48.5451,2274.42,0.807,45.0
670,23.9083,48.5451,2274.42,0.7985,45.0
671,23.9083,48.5451,2274.42,0.7929999999999999,45.0
672,23.9083,48.5451,2274.42,0.8696,45.0
673,23.3993,65.2647,2347.25,0.6225,45.0
674,23.3993,65.2647,2347.25,0.7035,45.0
675,23.3993,65.2647,2347.25,0.7240000000000001,45.0
676,23.3993,65.2647,2347.25,0.7290000000000001,45.0
677,23.3993,65.2647,2347.25,0.741,45.0
678,25.1264,42.6661,1505.0,1.42,45.0
679,25.1264,42.6661,1505.0,1.4525,45.0
680,25.1264,42.6661,1505.0,1.4715,45.0
681,25.1264,42.6661,1505.0,1.495,45.0
682,25.1264,42.6661,1505.0,1.4772,45.0
683,25.2458,46.0,5000.0,1.248,46.0
684,25.2458,46.0,5000.0,1.196,46.0
685,25.2458,46.0,5000.0,1.1695,46.0
686,25.2458,46.0,5000.0,1.2085,46.0
687,25.2458,46.0,5000.0,1.2025,46.0
688,24.3867,60.2834,3582.25,1.035,47.0
689,24.3867,60.2834,3582.25,1.0070000000000001,47.0
690,24.3867,60.2834,3582.25,0.9715,47.0
691,24.3867,60.2834,3582.25,0.9405,47.0
692,24.3867,60.2834,3582.25,0.9935,47.0
693,25.12,199.476,1505.0,1.6545,48.0
694,25.12,199.476,1505.0,1.67,48.0
695,25.12,199.476,1505.0,1.643,48.0
696,25.12,199.476,1505.0,1.7505,48.0
697,25.3955,216.115,3582.25,1.0945,48.0
698,25.3955,216.115,3582.25,1.0815,48.0
699,25.3955,216.115,3582.25,1.0665,48.0
700,25.3955,216.115,3582.25,1.1135,48.0
701,25.6557,238.86599999999999,2273.83,0.927,50.0
702,25.6557,238.86599999999999,2273.83,0.9325,50.0
703,25.6557,238.86599999999999,2273.83,0.9275,50.0
704,25.6557,238.86599999999999,2273.83,0.9305,50.0
705,23.2876,63.0297,2349.33,1.9515,7.0
706,23.2876,63.0297,2349.33,1.8835,7.0
707,23.2876,63.0297,2349.33,2.3885,0.0
708,23.2876,63.0297,2349.33,2.194,0.0
709,23.2876,63.0297,2349.33,2.0275,3.5
710,24.0456,158.622,3582.25,1.0959999999999999,28.4
711,24.0456,158.622,3582.25,1.0759999999999998,28.4
712,24.0456,158.622,3582.25,1.016,28.4
713,24.0456,158.622,3582.25,0.996,28.4
714,24.0456,158.622,3582.25,0.9875,28.4
715,25.5508,163.112,2347.25,0.578,21.1875
716,25.5508,163.112,2347.25,0.535,23.75
717,25.5508,163.112,2347.25,0.5475,23.75
718,25.5508,163.112,2347.25,0.53,23.75
719,25.5508,163.112,2347.25,0.6179,20.333333333333332
720,24.3781,114.775,2347.25,0.6415,19.5
721,24.3781,114.775,2347.25,0.601,19.5
722,24.3781,114.775,2347.25,0.5985,19.5
723,24.3781,114.775,2347.25,0.6145,19.5
724,25.3129,194.84799999999998,2274.42,0.951,25.0
725,25.3129,194.84799999999998,2274.42,0.9325,25.0
726,25.3129,194.84799999999998,2274.42,0.919,25.0
727,25.3129,194.84799999999998,2274.42,0.898,25.0
728,25.3129,194.84799999999998,2274.42,0.8862,25.0
729,25.6753,185.583,2883.58,0.6295,25.0
730,25.6753,185.583,2883.58,0.633,25.0
731,25.6753,185.583,2883.58,0.6325,25.0
732,25.6753,185.583,2883.58,0.613,25.0
733,25.6753,185.583,2883.58,0.5670000000000001,25.0
734,23.6627,75.5808,2347.25,0.6125,35.0
735,23.6627,75.5808,2347.25,0.5845,35.0
736,23.6627,75.5808,2347.25,0.613,35.0
737,23.6627,75.5808,2347.25,0.6165,35.0
738,23.6627,75.5808,2347.25,0.6006,35.0
739,23.2685,68.9336,2274.42,0.868,41.25
740,23.2685,68.9336,2274.42,0.855,43.0
741,23.2685,68.9336,2274.42,0.8325,43.0
742,23.2685,68.9336,2274.42,0.8305,43.0
743,25.178,163.6,2883.58,0.6945,19.444444444444443
744,25.178,163.6,2883.58,0.7125,20.9
745,25.178,163.6,2883.58,0.645,24.642857142857142
746,25.178,163.6,2883.58,0.6335,24.642857142857142
747,25.178,163.6,2883.58,0.6376,24.642857142857142
748,23.8493,53.9593,2883.58,0.5625,35.0
749,23.8493,53.9593,2883.58,0.5325,35.0
750,23.8493,53.9593,2883.58,0.4825,35.0
751,23.8493,53.9593,2883.58,0.5235,35.0
752,23.8493,53.9593,2883.58,0.5394,35.0
753,25.3563,227.005,2883.58,0.6095,32.5
754,25.3563,227.005,2883.58,0.5725,33.0
755,25.3563,227.005,2883.58,0.6425,32.5
756,25.3563,227.005,2883.58,0.6429,32.5
757,24.923000000000002,123.613,2349.33,0.8985,34.0
758,24.923000000000002,123.613,2349.33,1.089,34.0
759,24.923000000000002,123.613,2349.33,1.2805,19.0
760,24.923000000000002,123.613,2349.33,1.3905,19.0
761,24.923000000000002,123.613,2349.33,1.26,19.0
762,24.2829,142.946,1505.0,1.7315,8.857142857142858
763,24.2829,142.946,1505.0,1.74,8.857142857142858
764,24.2829,142.946,1505.0,1.7005,9.75
765,24.2829,142.946,1505.0,1.6235,9.75
766,24.2829,142.946,1505.0,1.5405,9.75
767,23.5394,114.09200000000001,2349.33,1.23,16.0
768,23.5394,114.09200000000001,2349.33,1.2795,19.666666666666668
769,23.5394,114.09200000000001,2349.33,1.381,16.0
770,23.5394,114.09200000000001,2349.33,1.274,19.666666666666668
771,23.5394,114.09200000000001,2349.33,1.8941,11.5
772,23.9843,85.4127,2274.42,0.867,38.0
773,23.9843,85.4127,2274.42,0.8555,38.0
774,23.9843,85.4127,2274.42,0.843,38.0
775,23.9843,85.4127,2274.42,0.853,38.0
776,24.2484,71.3748,1505.0,1.2615,16.0
777,24.2484,71.3748,1505.0,1.386,16.0
778,24.2484,71.3748,1505.0,1.3955,18.818181818181817
779,24.2484,71.3748,1505.0,1.5230000000000001,16.0
780,25.1189,95.3013,2883.58,0.6185,8.0
781,25.1189,95.3013,2883.58,0.608,8.0
782,25.1189,95.3013,2883.58,0.65,8.0
783,25.1189,95.3013,2883.58,0.635,8.0
784,25.1189,95.3013,2883.58,0.633,8.0
785,23.7991,87.9987,1505.0,1.5865,11.5
786,23.7991,87.9987,1505.0,1.517,9.25
787,23.7991,87.9987,1505.0,1.5425,13.444444444444445
788,23.7991,87.9987,1505.0,1.5115,11.5
789,23.7991,87.9987,1505.0,1.368,27.0
790,24.2869,56.1908,2883.58,0.633,30.0
791,24.2869,56.1908,2883.58,0.616,30.833333333333332
792,24.2869,56.1908,2883.58,0.6195,30.833333333333332
793,24.2869,56.1908,2883.58,0.5695,33.0
794,24.2869,56.1908,2883.58,0.5774,33.0
795,22.8491,63.4731,2883.58,0.594,40.0
796,22.8491,63.4731,2883.58,0.6115,39.642857142857146
797,22.8491,63.4731,2883.58,0.615,39.642857142857146
798,22.8491,63.4731,2883.58,0.6135,39.642857142857146
799,22.8491,63.4731,2883.58,0.5555,39.642857142857146
800,24.791,119.09,2274.42,0.9035,34.0
801,24.791,119.09,2274.42,0.8845,34.0
802,24.791,119.09,2274.42,0.8945,34.0
803,24.791,119.09,2274.42,0.868,34.0
804,23.8359,80.4482,3582.25,0.9995,38.0
805,23.8359,80.4482,3582.25,0.9645,38.0
806,23.8359,80.4482,3582.25,0.9655,38.0
807,23.8359,80.4482,3582.25,0.9570000000000001,37.0625
808,23.8359,80.4482,3582.25,0.9831,38.0
809,26.0441,222.935,1505.0,0.9125,3.6666666666666665
810,26.0441,222.935,1505.0,0.9790000000000001,9.0
811,26.0441,222.935,1505.0,1.0390000000000001,7.4
812,26.0441,222.935,1505.0,1.07,10.692307692307692
813,26.0441,222.935,1505.0,1.1955,3.0
814,26.1958,211.877,1505.0,1.264,0.0
815,26.1958,211.877,1505.0,1.237,1.5
816,26.1958,211.877,1505.0,1.2429999999999999,0.0
817,26.1958,211.877,1505.0,1.242,0.0
818,26.1958,211.877,1505.0,1.1628,4.0
819,25.5572,255.542,1505.0,1.1079999999999999,19.0
820,25.5572,255.542,1505.0,1.1205,19.0
821,25.5572,255.542,1505.0,1.1845,14.0
822,25.5572,255.542,1505.0,1.197,11.285714285714286
823,25.5572,255.542,1505.0,1.1545,19.0
824,25.1492,207.15400000000002,2433.08,1.145,22.043478260869566
825,25.1492,207.15400000000002,2433.08,1.1355,13.5
826,25.1492,207.15400000000002,2433.08,1.1485,22.043478260869566
827,25.1492,207.15400000000002,2433.08,1.3025,4.333333333333333
828,25.1492,207.15400000000002,2433.08,1.228,2.0
829,24.4024,121.134,2433.08,1.27,18.666666666666668
830,24.4024,121.134,2433.08,1.2875,7.666666666666667
831,24.4024,121.134,2433.08,1.2645,17.571428571428573
832,24.4024,121.134,2433.08,1.2045,34.0
833,24.4024,121.134,2433.08,1.173,34.0
834,22.9714,77.9141,2433.08,1.1255,35.0
835,22.9714,77.9141,2433.08,1.1775,35.0
836,22.9714,77.9141,2433.08,1.207,21.0
837,22.9714,77.9141,2433.08,1.2295,21.0
838,23.4198,76.1993,2433.08,1.2075,7.0
839,23.4198,76.1993,2433.08,1.1845,7.0
840,23.4198,76.1993,2433.08,1.064,38.0
841,23.4198,76.1993,2433.08,1.0405,38.0
842,23.4198,76.1993,2433.08,1.054,38.0
843,24.4626,52.5808,2433.08,1.067,40.625
844,24.4626,52.5808,2433.08,1.161,27.842105263157894
845,24.4626,52.5808,2433.08,1.2115,27.4375
846,24.4626,52.5808,2433.08,1.311,16.0
847,24.4626,52.5808,2433.08,1.2147,27.4375
848,25.1977,77.7471,2433.08,1.133,16.0
849,25.1977,77.7471,2433.08,1.113,23.0
850,25.1977,77.7471,2433.08,1.0585,27.2
851,25.1977,77.7471,2433.08,1.06,27.2
852,25.9504,141.984,2433.08,1.0475,2.0
853,25.9504,141.984,2433.08,1.125,2.0
854,25.9504,141.984,2433.08,1.1420000000000001,2.0
855,25.9504,141.984,2433.08,1.176,2.0
856,25.9504,141.984,2433.08,1.1635,2.0
857,25.7197,174.67700000000002,2433.08,1.1725,1.0
858,25.7197,174.67700000000002,2433.08,1.2585,1.0
859,25.7197,174.67700000000002,2433.08,1.225,1.0
860,25.7197,174.67700000000002,2433.08,1.165,1.0
861,26.2828,186.571,2433.08,1.0605,2.0
862,26.2828,186.571,2433.08,1.056,2.0
863,26.2828,186.571,2433.08,1.0995,2.6363636363636362
864,26.2828,186.571,2433.08,1.131,2.6363636363636362
865,26.2828,186.571,2433.08,1.1595,2.6363636363636362
866,25.7316,240.868,2433.08,1.1665,16.0
867,25.7316,240.868,2433.08,1.1935,16.0
868,25.7316,240.868,2433.08,1.2305,16.0
869,25.7316,240.868,2433.08,1.4005,1.0
870,25.7316,240.868,2433.08,1.403,1.0
871,25.8774,218.842,2433.08,1.4565,6.333333333333333
872,25.8774,218.842,2433.08,1.5865,10.857142857142858
873,25.8774,218.842,2433.08,1.681,20.0
874,25.8774,218.842,2433.08,1.7345,15.875
875,25.2616,292.063,2433.08,1.8485,1.0
876,25.2616,292.063,2433.08,1.993,1.0
877,25.2616,292.063,2433.08,1.6865,1.0
878,25.2616,292.063,2433.08,1.629,1.0
879,25.2616,292.063,2433.08,1.9115,1.0
880,25.197,186.50599999999997,2179.0,1.943,38.6
881,25.197,186.50599999999997,2179.0,1.7875,38.6
882,25.197,186.50599999999997,2179.0,1.9240000000000002,38.6
883,25.197,186.50599999999997,2179.0,2.112,48.0
884,25.197,186.50599999999997,2179.0,2.0993,48.0
885,24.3401,124.507,2179.0,2.229,0.0
886,24.3401,124.507,2179.0,2.169,0.0
887,24.3401,124.507,2179.0,2.552,4.363636363636363
888,24.3401,124.507,2179.0,2.603,4.363636363636363
889,24.3401,124.507,2179.0,3.148,0.0
890,23.7487,64.8979,2179.0,2.5395,0.0
891,23.7487,64.8979,2179.0,2.533,0.0
892,23.7487,64.8979,2179.0,1.965,1.1666666666666667
893,23.7487,64.8979,2179.0,1.9465,1.1666666666666667
894,23.7487,64.8979,2179.0,1.764,4.6
895,24.3372,50.4032,2179.0,1.7525,0.0
896,24.3372,50.4032,2179.0,1.7165,6.4
897,24.3372,50.4032,2179.0,1.5785,16.0
898,24.3372,50.4032,2179.0,1.6909999999999998,5.333333333333333
899,24.3372,50.4032,2179.0,1.889,0.0
900,24.8116,54.5595,2179.0,1.8495,11.25
901,24.8116,54.5595,2179.0,2.0585,0.0
902,24.8116,54.5595,2179.0,1.7795,0.0
903,24.8116,54.5595,2179.0,1.713,25.7
904,24.8116,54.5595,2179.0,1.8222,11.25
905,25.6764,68.31,2179.0,1.8495,3.0
906,25.6764,68.31,2179.0,1.835,5.0
907,25.6764,68.31,2179.0,1.6769999999999998,11.0
908,25.6764,68.31,2179.0,1.6885,11.0
909,25.6764,68.31,2179.0,1.625,11.0
910,26.9505,107.01899999999999,2179.0,1.6235,4.5
911,26.9505,107.01899999999999,2179.0,1.67,12.166666666666666
912,26.9505,107.01899999999999,2179.0,1.6605,12.166666666666666
913,26.9505,107.01899999999999,2179.0,1.5019999999999998,8.8125
914,26.9505,107.01899999999999,2179.0,1.506,8.333333333333334
915,26.7617,162.08100000000002,2179.0,1.4409999999999998,16.0
916,26.7617,162.08100000000002,2179.0,1.5685,16.0
917,26.7617,162.08100000000002,2179.0,1.5930000000000002,16.0
918,26.7617,162.08100000000002,2179.0,1.5741,16.0
919,26.4589,225.609,2179.0,1.6269999999999998,14.0
920,26.4589,225.609,2179.0,1.7435,15.875
921,26.4589,225.609,2179.0,1.8545,20.0
922,26.4589,225.609,2179.0,1.5705,16.0
923,26.4589,225.609,2179.0,1.6325,13.142857142857142
924,26.7072,198.729,2179.0,1.7069999999999999,1.6666666666666667
925,26.7072,198.729,2179.0,1.597,3.0
926,26.7072,198.729,2179.0,1.7805,1.8333333333333333
927,26.7072,198.729,2179.0,1.7080000000000002,1.6666666666666667
928,26.8819,190.24,2179.0,1.7819999999999998,2.0
929,26.8819,190.24,2179.0,1.7335,2.0
930,26.8819,190.24,2179.0,1.6475,6.0
931,26.8819,190.24,2179.0,1.7288,2.0
932,26.4072,212.419,2179.0,1.5830000000000002,5.733333333333333
933,26.4072,212.419,2179.0,1.4975,0.0
934,26.4072,212.419,2179.0,1.5005,0.0
935,26.4072,212.419,2179.0,1.4809999999999999,0.0
936,26.4072,212.419,2179.0,1.46,0.0
937,26.2811,182.78799999999998,3063.42,1.4375,2.0
938,26.2811,182.78799999999998,3063.42,1.4455,2.0
939,26.2811,182.78799999999998,3063.42,1.5205,2.0
940,26.2811,182.78799999999998,3063.42,1.48,2.0
941,26.2811,182.78799999999998,3063.42,1.3265,1.25
942,24.7912,123.302,3063.42,1.2695,19.0
943,24.7912,123.302,3063.42,1.2745,19.0
944,24.7912,123.302,3063.42,1.2555,23.272727272727273
945,24.7912,123.302,3063.42,1.364,19.0
946,24.7912,123.302,3063.42,1.325,19.0
947,23.8738,91.3665,3063.42,1.2415,38.0
948,23.8738,91.3665,3063.42,1.1985,38.0
949,23.8738,91.3665,3063.42,1.1995,38.0
950,23.8738,91.3665,3063.42,1.1235,38.0
951,23.8738,91.3665,3063.42,1.1194,38.0
952,24.4916,61.3108,3063.42,1.1155,47.0
953,24.4916,61.3108,3063.42,1.1255,47.0
954,24.4916,61.3108,3063.42,1.071,44.166666666666664
955,24.4916,61.3108,3063.42,1.148,47.0
956,24.4916,61.3108,3063.42,1.1840000000000002,47.0
957,25.4066,67.8746,3063.42,1.3090000000000002,7.0
958,25.4066,67.8746,3063.42,1.3419999999999999,8.8
959,25.4066,67.8746,3063.42,1.1095,14.88888888888889
960,25.4066,67.8746,3063.42,1.175,11.5
961,25.4066,67.8746,3063.42,1.1728,11.5
962,26.1668,57.4625,3273.42,0.7395,16.0
963,26.1668,57.4625,3273.42,0.7125,16.0
964,26.1668,57.4625,3273.42,0.7705,16.0
965,26.1668,57.4625,3273.42,0.8355,11.833333333333334
966,26.1668,57.4625,3273.42,0.8240000000000001,13.046511627906977
967,26.3803,121.90799999999999,3273.42,0.8015,2.0
968,26.3803,121.90799999999999,3273.42,0.772,2.0
969,26.3803,121.90799999999999,3273.42,0.7465,2.0
970,26.3803,121.90799999999999,3273.42,0.7509999999999999,2.0
971,26.3803,121.90799999999999,3273.42,0.7440000000000001,2.0
972,26.4008,141.84,3273.42,0.742,1.0
973,26.4008,141.84,3273.42,0.7985,1.0
974,26.4008,141.84,3273.42,0.9165,2.0
975,26.4008,141.84,3273.42,0.8935,1.5
976,26.4008,141.84,3273.42,0.9657,2.0
977,26.2449,182.632,3273.42,0.986,11.333333333333334
978,26.2449,182.632,3273.42,0.9805,14.571428571428571
979,26.2449,182.632,3273.42,1.0055,1.0
980,26.2449,182.632,3273.42,1.0125,1.0
981,26.2449,182.632,3273.42,1.0795,1.0
982,26.665,220.888,3273.42,1.031,8.0
983,26.665,220.888,3273.42,0.956,8.0
984,26.665,220.888,3273.42,1.044,8.0
985,26.665,220.888,3273.42,1.0465,8.0
986,26.665,220.888,3273.42,1.0465,8.0
987,26.4822,225.245,3273.42,1.058,10.666666666666666
988,26.4822,225.245,3273.42,1.117,9.1
989,26.4822,225.245,3273.42,1.178,9.1
990,26.4822,225.245,3273.42,1.151,9.1
991,26.1665,275.704,3273.42,1.2145,13.333333333333334
992,26.1665,275.704,3273.42,1.3285,16.0
993,26.1665,275.704,3273.42,1.369,16.0
994,26.1665,275.704,3273.42,1.3135,16.0
995,26.1665,275.704,3273.42,1.2205,13.333333333333334
996,25.9846,189.985,2744.42,1.2395,1.0
997,25.9846,189.985,2744.42,1.1685,1.0
998,25.9846,189.985,2744.42,1.1255,1.0
999,25.9846,189.985,2744.42,1.248,1.0
1000,25.9846,189.985,2744.42,1.2739,1.0
1001,25.1517,158.10399999999998,2744.42,1.2355,25.0
1002,25.1517,158.10399999999998,2744.42,1.2395,25.0
1003,25.1517,158.10399999999998,2744.42,1.1625,25.0
1004,25.1517,158.10399999999998,2744.42,1.1815,25.0
1005,25.1517,158.10399999999998,2744.42,1.1835,25.0
1006,24.5166,68.9473,2744.42,1.1805,31.5
1007,24.5166,68.9473,2744.42,1.214,21.166666666666668
1008,24.5166,68.9473,2744.42,1.1115,31.363636363636363
1009,24.5166,68.9473,2744.42,1.1079999999999999,31.363636363636363
1010,24.5166,68.9473,2744.42,1.0511,41.833333333333336
1011,23.9213,46.6327,2744.42,1.053,40.0
1012,23.9213,46.6327,2744.42,1.069,36.666666666666664
1013,23.9213,46.6327,2744.42,1.055,36.666666666666664
1014,23.9213,46.6327,2744.42,0.9945,45.0
1015,23.9213,46.6327,2744.42,1.0315,40.0
1016,25.4403,52.5465,2744.42,1.0215,1.0
1017,25.4403,52.5465,2744.42,1.023,1.0
1018,25.4403,52.5465,2744.42,0.9615,5.833333333333333
1019,25.4403,52.5465,2744.42,0.9635,5.833333333333333
1020,25.4403,52.5465,2744.42,0.9386,5.833333333333333
1021,25.2846,71.4529,2744.42,1.0495,27.2
1022,25.2846,71.4529,2744.42,0.9595,27.2
1023,25.2846,71.4529,2744.42,0.9225,25.6
1024,25.2846,71.4529,2744.42,0.9229999999999999,25.6
1025,25.2846,71.4529,2744.42,0.9295,25.6
1026,25.6825,71.5101,3582.25,1.0759999999999998,15.857142857142858
1027,25.6825,71.5101,3582.25,1.0615,16.0
1028,25.6825,71.5101,3582.25,1.021,16.0
1029,25.6825,71.5101,3582.25,1.0445,16.0
1030,25.6825,71.5101,3582.25,1.0765,15.857142857142858
1031,26.576999999999998,130.381,3582.25,1.0355,2.0
1032,26.576999999999998,130.381,3582.25,1.0305,2.0
1033,26.576999999999998,130.381,3582.25,1.0190000000000001,11.818181818181818
1034,26.576999999999998,130.381,3582.25,1.0685,2.0
1035,26.576999999999998,130.381,3582.25,1.08,7.142857142857143
1036,26.0827,177.53599999999997,3582.25,1.0865,1.0
1037,26.0827,177.53599999999997,3582.25,1.1575,1.6
1038,26.0827,177.53599999999997,3582.25,1.1815,1.0
1039,26.0827,177.53599999999997,3582.25,1.1555,1.6
1040,26.0827,177.53599999999997,3582.25,1.214,2.8333333333333335
1041,26.471,212.312,3582.25,1.276,8.0
1042,26.471,212.312,3582.25,1.2585,8.0
1043,26.471,212.312,3582.25,1.254,8.0
1044,26.471,212.312,3582.25,1.254,8.0
1045,26.471,212.312,3582.25,1.262,8.0
1046,26.4631,211.01,3582.25,1.236,7.0
1047,26.4631,211.01,3582.25,1.2075,7.0
1048,26.4631,211.01,3582.25,1.216,7.0
1049,26.4631,211.01,3582.25,1.1695,8.0
1050,26.4631,211.01,3582.25,1.1765,8.0
1051,26.29,238.548,3582.25,1.1875,12.0
1052,26.29,238.548,3582.25,1.1555,12.0
1053,26.29,238.548,3582.25,1.153,12.0
1054,26.29,238.548,3582.25,1.189,12.0
1055,26.1623,206.324,3582.25,1.166,3.0
1056,26.1623,206.324,3582.25,1.124,4.2
1057,26.1623,206.324,3582.25,1.1055,3.0
1058,26.1623,206.324,3582.25,1.1175,4.2
1059,26.1623,206.324,3582.25,1.1059999999999999,3.0
1060,25.9278,180.34,3247.67,1.0859999999999999,1.0
1061,25.9278,180.34,3247.67,1.0965,1.0
1062,25.9278,180.34,3247.67,1.0845,1.0
1063,25.9278,180.34,3247.67,1.0635,1.0
1064,25.9278,180.34,3247.67,1.0555,1.0
1065,24.7602,126.265,3247.67,1.0485,34.0
1066,24.7602,126.265,3247.67,1.0525,34.0
1067,24.7602,126.265,3247.67,1.073,34.0
1068,24.7602,126.265,3247.67,1.1155,34.0
1069,24.7602,126.265,3247.67,1.107,30.4
1070,24.2219,66.7872,3247.67,1.1740000000000002,21.166666666666668
1071,24.2219,66.7872,3247.67,1.1485,21.166666666666668
1072,24.2219,66.7872,3247.67,1.147,21.166666666666668
1073,24.2219,66.7872,3247.67,1.136,21.166666666666668
1074,24.2219,66.7872,3247.67,1.1244,16.0
1075,23.949,71.0081,3247.67,1.12,30.647058823529413
1076,23.949,71.0081,3247.67,1.094,25.5
1077,23.949,71.0081,3247.67,1.1175,30.647058823529413
1078,23.949,71.0081,3247.67,1.1235,30.647058823529413
1079,23.949,71.0081,3247.67,1.1295,30.647058823529413
1080,24.3313,53.2561,3247.67,1.131,47.0
1081,24.3313,53.2561,3247.67,1.185,31.5
1082,24.3313,53.2561,3247.67,1.192,27.58823529411765
1083,24.3313,53.2561,3247.67,1.1445,47.0
1084,24.3313,53.2561,3247.67,1.1403,47.0
1085,26.2888,49.9335,3247.67,1.1795,16.0
1086,26.2888,49.9335,3247.67,1.195,16.0
1087,26.2888,49.9335,3247.67,1.304,15.833333333333334
1088,26.2888,49.9335,3247.67,1.331,15.833333333333334
1089,26.8244,112.759,3247.67,1.3485,4.5
1090,26.8244,112.759,3247.67,1.3875,4.5
1091,26.8244,112.759,3247.67,1.3005,4.5
1092,26.8244,112.759,3247.67,1.2355,8.0
1093,26.8244,112.759,3247.67,1.2235,5.909090909090909
1094,26.2846,164.382,3247.67,1.226,4.8
1095,26.2846,164.382,3247.67,1.219,4.8
1096,26.2846,164.382,3247.67,1.248,4.8
1097,26.2846,164.382,3247.67,1.2209999999999999,4.8
1098,26.2846,164.382,3247.67,1.2721,4.8
1099,26.5247,239.13099999999997,3664.75,1.4185,16.0
1100,26.5247,239.13099999999997,3664.75,1.4535,13.833333333333334
1101,26.5247,239.13099999999997,3664.75,1.4075,13.833333333333334
1102,26.5247,239.13099999999997,3664.75,1.396,13.833333333333334
1103,26.5247,239.13099999999997,3664.75,1.317,16.0
1104,27.1162,217.31599999999997,3664.75,1.3255,7.166666666666667
1105,27.1162,217.31599999999997,3664.75,1.3065,7.166666666666667
1106,27.1162,217.31599999999997,3664.75,1.3345,7.166666666666667
1107,27.1162,217.31599999999997,3664.75,1.2985,7.166666666666667
1108,26.8646,235.459,3664.75,1.3175,8.0
1109,26.8646,235.459,3664.75,1.311,8.0
1110,26.8646,235.459,3664.75,1.3105,8.0
1111,26.8646,235.459,3664.75,1.33,8.0
1112,26.8646,235.459,3664.75,1.3815,8.0
1113,25.8815,200.44,4452.33,1.374,3.1875
1114,25.8815,200.44,4452.33,1.347,1.0
1115,25.8815,200.44,4452.33,1.3175,5.0
1116,25.8815,200.44,4452.33,1.311,5.0
1117,25.8815,200.44,4452.33,1.3456,1.0
1118,25.0834,132.966,4452.33,1.3855,19.0
1119,25.0834,132.966,4452.33,1.3415,19.0
1120,25.0834,132.966,4452.33,1.3255,19.0
1121,25.0834,132.966,4452.33,1.3225,19.0
1122,25.0834,132.966,4452.33,1.3425,19.0
1123,23.8137,73.3218,4452.33,1.3655,27.0
1124,23.8137,73.3218,4452.33,1.3355,27.0
1125,23.8137,73.3218,4452.33,1.5935,11.5
1126,23.8137,73.3218,4452.33,1.591,9.25
1127,23.8137,73.3218,4452.33,1.6249,11.5
1128,24.1657,66.8321,4452.33,1.6825,4.0
1129,24.1657,66.8321,4452.33,1.621,8.0
1130,24.1657,66.8321,4452.33,1.671,8.0
1131,24.1657,66.8321,4452.33,1.617,8.0
1132,24.1657,66.8321,4452.33,1.7305,5.333333333333333
1133,24.768,40.6411,4452.33,1.725,24.818181818181817
1134,24.768,40.6411,4452.33,1.696,36.0
1135,24.768,40.6411,4452.33,1.787,24.1
1136,24.768,40.6411,4452.33,1.815,0.0
1137,24.768,40.6411,4452.33,1.8066,0.0
1138,26.6081,58.2369,4452.33,1.8235,15.666666666666666
1139,26.6081,58.2369,4452.33,1.9455,5.222222222222222
1140,26.6081,58.2369,4452.33,1.9415,5.222222222222222
1141,26.6081,58.2369,4452.33,1.7995,15.666666666666666
1142,26.6081,58.2369,4452.33,1.8575,15.666666666666666
1143,26.642,112.54700000000001,4452.33,1.811,0.16666666666666666
1144,26.642,112.54700000000001,4452.33,1.8215,0.16666666666666666
1145,26.642,112.54700000000001,4452.33,1.864,2.6666666666666665
1146,26.642,112.54700000000001,4452.33,1.9885,0.0
1147,26.642,112.54700000000001,4452.33,2.0345,0.0
1148,26.1814,165.32299999999998,4452.33,1.9769999999999999,0.0
1149,26.1814,165.32299999999998,4452.33,2.081,0.0
1150,26.1814,165.32299999999998,4452.33,2.0445,0.0
1151,26.1814,165.32299999999998,4452.33,2.0615,0.0
1152,26.1814,165.32299999999998,4452.33,2.0255,0.0
1153,26.2464,216.298,4452.33,2.0355,20.0
1154,26.2464,216.298,4452.33,2.0465,20.0
1155,26.2464,216.298,4452.33,2.175,20.0
1156,26.2464,216.298,4452.33,2.302,15.25
1157,26.2464,216.298,4452.33,2.3965,15.25
1158,25.9,242.105,4452.33,2.3495,17.25
1159,25.9,242.105,4452.33,2.3125,17.25
1160,25.9,242.105,4452.33,2.3535,17.25
1161,25.9,242.105,4452.33,2.373,17.25
1162,25.9,242.105,4452.33,2.448,17.25
1163,25.9348,255.75599999999997,4452.33,2.494,15.25
1164,25.9348,255.75599999999997,4452.33,2.476,15.25
1165,25.9348,255.75599999999997,4452.33,2.5805,17.25
1166,25.9348,255.75599999999997,4452.33,2.736,17.25
1167,25.6607,278.911,4452.33,2.693,10.25
1168,25.6607,278.911,4452.33,2.872,10.5
1169,25.6607,278.911,4452.33,2.6295,11.833333333333334
1170,25.6607,278.911,4452.33,2.7345,10.25
1171,25.6607,278.911,4452.33,2.6145,11.833333333333334
1172,25.6547,202.007,4216.0,2.5989999999999998,20.0
1173,25.6547,202.007,4216.0,2.7495,11.88888888888889
1174,25.6547,202.007,4216.0,2.8810000000000002,10.181818181818182
1175,25.6547,202.007,4216.0,2.8789999999999996,10.181818181818182
1176,25.6547,202.007,4216.0,2.9975,11.0
1177,24.772,135.243,4216.0,3.051,0.0
1178,24.772,135.243,4216.0,2.8739999999999997,0.0
1179,24.772,135.243,4216.0,2.641,0.0
1180,24.772,135.243,4216.0,2.6255,0.0
1181,24.772,135.243,4216.0,2.6460000000000004,0.0
1182,24.1581,72.2356,4216.0,2.5595,0.0
1183,24.1581,72.2356,4216.0,2.6385,0.0
1184,24.1581,72.2356,4216.0,2.6265,0.0
1185,24.1581,72.2356,4216.0,2.4375,0.0
1186,24.1581,72.2356,4216.0,2.6052,0.0
1187,24.358,59.303000000000004,4216.0,2.6365,0.0
1188,24.358,59.303000000000004,4216.0,2.633,0.0
1189,24.358,59.303000000000004,4216.0,2.5355,0.0
1190,24.358,59.303000000000004,4216.0,2.415,0.0
1191,24.358,59.303000000000004,4216.0,2.3955,0.0
1192,25.2135,52.8688,4216.0,2.4135,0.0
1193,25.2135,52.8688,4216.0,2.342,0.0
1194,25.2135,52.8688,4216.0,2.457,0.0
1195,25.2135,52.8688,4216.0,2.647,0.0
1196,25.2135,52.8688,4216.0,2.8475,0.0
1197,26.2502,50.6007,4216.0,2.8975,0.0
1198,26.2502,50.6007,4216.0,2.841,0.0
1199,26.2502,50.6007,4216.0,2.6055,0.0
1200,26.2502,50.6007,4216.0,2.3925,0.0
1201,26.2502,50.6007,4216.0,2.3115,0.0
1202,26.2576,141.086,4216.0,2.2345,0.0
1203,26.2576,141.086,4216.0,2.263,0.0
1204,26.2576,141.086,4216.0,2.34,0.0
1205,26.2576,141.086,4216.0,2.508,0.0
1206,26.2576,141.086,4216.0,2.2695,0.0
1207,26.0925,167.47799999999998,4216.0,2.2365,0.0
1208,26.0925,167.47799999999998,4216.0,2.296,0.0
1209,26.0925,167.47799999999998,4216.0,2.395,0.0
1210,26.0925,167.47799999999998,4216.0,2.329,0.0
1211,26.0925,167.47799999999998,4216.0,2.2663,0.0
1212,26.1414,174.78599999999997,4216.0,2.3569999999999998,0.0
1213,26.1414,174.78599999999997,4216.0,2.2865,0.0
1214,26.1414,174.78599999999997,4216.0,2.1775,0.6666666666666666
1215,26.1414,174.78599999999997,4216.0,2.214,0.0
1216,26.1414,174.78599999999997,4216.0,2.2425,0.0
1217,25.6388,256.525,4216.0,2.272,12.1
1218,25.6388,256.525,4216.0,2.2185,12.1
1219,25.6388,256.525,4216.0,2.2515,12.1
1220,25.6388,256.525,4216.0,2.1945,12.1
1221,25.6388,256.525,4216.0,2.166,12.1
1222,25.8926,236.079,4216.0,2.141,17.25
1223,25.8926,236.079,4216.0,2.2005,17.25
1224,25.8926,236.079,4216.0,2.004,17.25
1225,25.8926,236.079,4216.0,2.0075,17.25
1226,25.8926,236.079,4216.0,2.0323,17.25
1227,25.8586,221.27700000000002,4216.0,2.041,20.0
1228,25.8586,221.27700000000002,4216.0,1.8940000000000001,20.0
1229,25.8586,221.27700000000002,4216.0,1.8530000000000002,20.0
1230,25.8586,221.27700000000002,4216.0,1.7695,15.875
1231,25.8586,221.27700000000002,4216.0,1.7645,15.875
1232,25.9351,167.59099999999998,4618.33,1.8619999999999999,0.0
1233,25.9351,167.59099999999998,4618.33,1.7805,0.0
1234,25.9351,167.59099999999998,4618.33,1.7469999999999999,0.0
1235,25.9351,167.59099999999998,4618.33,1.777,0.0
1236,25.9351,167.59099999999998,4618.33,1.7923,0.0
1237,24.9448,110.244,4618.33,1.8415,0.0
1238,24.9448,110.244,4618.33,1.7495,10.666666666666666
1239,24.9448,110.244,4618.33,1.784,5.333333333333333
1240,24.9448,110.244,4618.33,1.745,10.666666666666666
1241,24.9448,110.244,4618.33,1.6540000000000001,16.0
1242,24.4159,73.5002,4618.33,1.575,16.0
1243,24.4159,73.5002,4618.33,1.556,16.0
1244,24.4159,73.5002,4618.33,1.5005,16.0
1245,24.4159,73.5002,4618.33,1.5515,16.0
1246,24.4159,73.5002,4618.33,1.7058,6.4
1247,24.159000000000002,61.2338,4618.33,1.746,5.333333333333333
1248,24.159000000000002,61.2338,4618.33,1.8235,4.0
1249,24.159000000000002,61.2338,4618.33,1.8395,0.0
1250,24.159000000000002,61.2338,4618.33,1.851,0.0
1251,24.159000000000002,61.2338,4618.33,1.7835,0.0
1252,25.013,38.7857,4618.33,1.746,36.714285714285715
1253,25.013,38.7857,4618.33,1.705,36.714285714285715
1254,25.013,38.7857,4618.33,1.619,40.166666666666664
1255,25.013,38.7857,4618.33,1.5895,40.166666666666664
1256,25.013,38.7857,4618.33,1.665,36.714285714285715
1257,26.4278,60.5942,4618.33,1.653,15.666666666666666
1258,26.4278,60.5942,4618.33,1.7755,15.75
1259,26.4278,60.5942,4618.33,1.775,15.75
1260,26.4278,60.5942,4618.33,1.7365,15.75
1261,27.1908,87.7291,4618.33,1.7805,14.4
1262,27.1908,87.7291,4618.33,1.6909999999999998,12.0
1263,27.1908,87.7291,4618.33,1.6085,12.0
1264,27.1908,87.7291,4618.33,1.645,12.0
1265,27.1908,87.7291,4618.33,1.6165,12.0
1266,26.6045,157.77200000000002,4618.33,1.5345,16.0
1267,26.6045,157.77200000000002,4618.33,1.514,16.0
1268,26.6045,157.77200000000002,4618.33,1.49,16.0
1269,26.6045,157.77200000000002,4618.33,1.4215,16.0
1270,26.6045,157.77200000000002,4618.33,1.5230000000000001,16.0
1271,26.5033,181.36900000000003,4618.33,1.507,2.0
1272,26.5033,181.36900000000003,4618.33,1.47,2.0
1273,26.5033,181.36900000000003,4618.33,1.4595,9.0
1274,26.5033,181.36900000000003,4618.33,1.47,2.0
1275,26.5033,181.36900000000003,4618.33,1.4380000000000002,9.0
1276,26.2797,234.83700000000002,4618.33,1.494,16.0
1277,26.2797,234.83700000000002,4618.33,1.4815,16.0
1278,26.2797,234.83700000000002,4618.33,1.525,14.6
1279,26.2797,234.83700000000002,4618.33,1.486,16.0
1280,26.2797,234.83700000000002,4618.33,1.4980000000000002,16.0
1281,26.421,224.993,4618.33,1.4795,16.0
1282,26.421,224.993,4618.33,1.4105,7.166666666666667
1283,26.421,224.993,4618.33,1.3695,7.217391304347826
1284,26.421,224.993,4618.33,1.431,7.125
1285,26.4633,201.49,4618.33,1.4335,0.0
1286,26.4633,201.49,4618.33,1.4405,0.0
1287,26.4633,201.49,4618.33,1.375,3.3846153846153846
1288,26.4633,201.49,4618.33,1.3530000000000002,3.4166666666666665
1289,26.4633,201.49,4618.33,1.3715,2.375
1290,25.7173,169.60299999999998,4558.17,1.3840000000000001,1.0
1291,25.7173,169.60299999999998,4558.17,1.359,1.0
1292,25.7173,169.60299999999998,4558.17,1.3445,1.0
1293,25.7173,169.60299999999998,4558.17,1.425,0.5
1294,25.7173,169.60299999999998,4558.17,1.3369,1.0
1295,25.0598,140.204,4558.17,1.347,19.0
1296,25.0598,140.204,4558.17,1.4415,19.0
1297,25.0598,140.204,4558.17,1.4055,19.0
1298,25.0598,140.204,4558.17,1.2845,19.0
1299,25.0598,140.204,4558.17,1.276,19.0
1300,24.7923,87.4064,4558.17,1.29,16.0
1301,24.7923,87.4064,4558.17,1.2875,16.0
1302,24.7923,87.4064,4558.17,1.2235,16.0
1303,24.7923,87.4064,4558.17,1.1945,20.0
1304,24.2248,72.0245,4558.17,1.216,16.0
1305,24.2248,72.0245,4558.17,1.2345,16.0
1306,24.2248,72.0245,4558.17,1.2325,16.0
1307,24.2248,72.0245,4558.17,1.253,16.0
1308,24.2248,72.0245,4558.17,1.2115,16.0
1309,24.5482,59.2378,4558.17,1.156,47.0
1310,24.5482,59.2378,4558.17,1.2205,47.0
1311,24.5482,59.2378,4558.17,1.2185,47.0
1312,24.5482,59.2378,4558.17,1.1320000000000001,47.0
1313,24.5482,59.2378,4558.17,1.1585,47.0
1314,26.1844,69.5931,4558.17,1.172,16.0
1315,26.1844,69.5931,4558.17,1.1665,16.0
1316,26.1844,69.5931,4558.17,1.1495,16.0
1317,26.1844,69.5931,4558.17,1.1785,16.0
1318,26.541,121.637,4558.17,1.141,1.5
1319,26.541,121.637,4558.17,1.1505,1.5555555555555556
1320,26.541,121.637,4558.17,1.1645,1.0
1321,26.541,121.637,4558.17,1.1195,2.2
1322,26.541,121.637,4558.17,1.0695,2.0
1323,26.1609,174.882,4558.17,1.0555,1.3636363636363635
1324,26.1609,174.882,4558.17,1.0405,1.3636363636363635
1325,26.1609,174.882,4558.17,1.0575,1.3333333333333333
1326,26.1609,174.882,4558.17,1.071,1.3333333333333333
1327,26.1609,174.882,4558.17,1.1073,1.3333333333333333
1328,26.3776,209.051,4558.17,1.099,3.0
1329,26.3776,209.051,4558.17,1.061,4.666666666666667
1330,26.3776,209.051,4558.17,1.153,6.090909090909091
1331,26.3776,209.051,4558.17,1.1585,6.090909090909091
1332,26.3776,209.051,4558.17,1.147,3.0
1333,26.351,196.90400000000002,4558.17,1.114,3.8333333333333335
1334,26.351,196.90400000000002,4558.17,1.1935,3.0
1335,26.351,196.90400000000002,4558.17,1.1835,2.5
1336,26.351,196.90400000000002,4558.17,1.1520000000000001,3.8333333333333335
1337,26.351,196.90400000000002,4558.17,1.2,3.0
1338,26.1318,225.965,4558.17,1.3595,6.25
1339,26.1318,225.965,4558.17,1.3619999999999999,6.25
1340,26.1318,225.965,4558.17,1.5265,11.333333333333334
1341,26.1318,225.965,4558.17,1.756,15.875
1342,25.9359,265.892,4558.17,1.9345,7.333333333333333
1343,25.9359,265.892,4558.17,2.0340000000000003,11.090909090909092
1344,25.9359,265.892,4558.17,1.9140000000000001,1.0
1345,25.9359,265.892,4558.17,1.764,1.0
1346,25.9359,265.892,4558.17,1.7790000000000001,1.0
1347,25.9241,197.08900000000003,4358.25,1.7525,1.0
1348,25.9241,197.08900000000003,4358.25,1.965,10.5
1349,25.9241,197.08900000000003,4358.25,1.9215,7.333333333333333
1350,25.9241,197.08900000000003,4358.25,2.1180000000000003,13.666666666666666
1351,25.9241,197.08900000000003,4358.25,2.1069999999999998,7.333333333333333
1352,25.013,138.216,4358.25,2.0415,0.0
1353,25.013,138.216,4358.25,1.955,10.92
1354,25.013,138.216,4358.25,1.9680000000000002,16.0
1355,25.013,138.216,4358.25,1.8135,16.0
1356,25.013,138.216,4358.25,1.8195,16.0
1357,24.5104,83.0714,4358.25,1.7235,4.0
1358,24.5104,83.0714,4358.25,1.6535,5.333333333333333
1359,24.5104,83.0714,4358.25,1.7295,4.0
1360,24.5104,83.0714,4358.25,1.751,6.4
1361,24.5104,83.0714,4358.25,1.7468,6.4
1362,24.0321,72.0266,4358.25,1.7095,6.4
1363,24.0321,72.0266,4358.25,1.7295,6.4
1364,24.0321,72.0266,4358.25,1.6195,8.0
1365,24.0321,72.0266,4358.25,1.683,4.0
1366,24.0321,72.0266,4358.25,1.807,0.0
1367,25.2679,49.3802,4358.25,1.9235,19.666666666666668
1368,25.2679,49.3802,4358.25,1.8085,34.125
1369,25.2679,49.3802,4358.25,1.8085,34.125
1370,25.2679,49.3802,4358.25,1.8159999999999998,34.125
1371,25.2679,49.3802,4358.25,2.0011,0.0
1372,26.8389,69.5973,4358.25,2.0945,2.6666666666666665
1373,26.8389,69.5973,4358.25,1.9445,6.0
1374,26.8389,69.5973,4358.25,1.8219999999999998,10.666666666666666
1375,26.8389,69.5973,4358.25,1.794,10.666666666666666
1376,26.8389,69.5973,4358.25,1.9125,4.571428571428571
1377,26.9653,94.486,4358.25,2.004,2.6666666666666665
1378,26.9653,94.486,4358.25,2.1445,2.6666666666666665
1379,26.9653,94.486,4358.25,2.16,2.6666666666666665
1380,26.9653,94.486,4358.25,1.911,2.6666666666666665
1381,26.9653,94.486,4358.25,1.896,2.6666666666666665
1382,26.6748,167.468,4358.25,1.8585,2.6666666666666665
1383,26.6748,167.468,4358.25,1.814,4.933333333333334
1384,26.6748,167.468,4358.25,1.875,3.5
1385,26.6748,167.468,4358.25,1.8982,1.1428571428571428
1386,26.3578,186.197,4358.25,1.9040000000000001,1.8
1387,26.3578,186.197,4358.25,1.7805,2.0
1388,26.3578,186.197,4358.25,1.7865,2.0
1389,26.3578,186.197,4358.25,1.7215,2.0
1390,26.3578,186.197,4358.25,1.6515,1.6666666666666667
1391,26.6425,198.68,4358.25,1.6105,2.0
1392,26.6425,198.68,4358.25,1.7675,2.0
1393,26.6425,198.68,4358.25,1.643,2.0
1394,26.6425,198.68,4358.25,1.682,1.6666666666666667
1395,26.3971,195.832,4358.25,1.6245,1.6666666666666667
1396,26.3971,195.832,4358.25,1.676,1.6666666666666667
1397,26.3971,195.832,4358.25,1.5565,2.0
1398,26.3971,195.832,4358.25,1.4445,0.4
1399,26.026999999999997,246.91099999999997,4358.25,1.3835,16.0
1400,26.026999999999997,246.91099999999997,4358.25,1.37,14.4
1401,26.026999999999997,246.91099999999997,4358.25,1.3805,16.0
1402,26.026999999999997,246.91099999999997,4358.25,1.4185,16.0
1403,26.026999999999997,246.91099999999997,4358.25,1.3235,12.0
1404,25.9741,193.641,4368.83,1.3485,3.6666666666666665
1405,25.9741,193.641,4368.83,1.357,3.6666666666666665
1406,25.9741,193.641,4368.83,1.358,3.6666666666666665
1407,25.9741,193.641,4368.83,1.4240000000000002,1.0
1408,25.9741,193.641,4368.83,1.3874,1.0
1409,25.2458,147.71,4368.83,1.3419999999999999,16.0
1410,25.2458,147.71,4368.83,1.3465,16.0
1411,25.2458,147.71,4368.83,1.3825,17.5
1412,25.2458,147.71,4368.83,1.2695,16.0
1413,25.2458,147.71,4368.83,1.2615,19.375
1414,24.6914,74.0922,4368.83,1.298,16.0
1415,24.6914,74.0922,4368.83,1.3655,16.0
1416,24.6914,74.0922,4368.83,1.278,16.0
1417,24.6914,74.0922,4368.83,1.3035,16.0
1418,24.6914,74.0922,4368.83,1.3176,19.875
1419,24.7691,79.5209,4368.83,1.27,16.0
1420,24.7691,79.5209,4368.83,1.2495,16.0
1421,24.7691,79.5209,4368.83,1.2975,16.0
1422,24.7691,79.5209,4368.83,1.2505,16.0
1423,24.7691,79.5209,4368.83,1.249,16.0
1424,25.7966,45.9809,4368.83,1.2395,13.4
1425,25.7966,45.9809,4368.83,1.335,15.0
1426,25.7966,45.9809,4368.83,1.3475,15.0
1427,25.7966,45.9809,4368.83,1.175,13.4
1428,25.7966,45.9809,4368.83,1.2355,13.4
1429,27.3316,55.3684,4368.83,1.208,11.25
1430,27.3316,55.3684,4368.83,1.21,11.25
1431,27.3316,55.3684,4368.83,1.187,8.8
1432,27.3316,55.3684,4368.83,1.1545,8.8
1433,27.3316,55.3684,4368.83,1.2085,11.25
1434,27.21,82.2525,4368.83,1.2075,8.0
1435,27.21,82.2525,4368.83,1.2845,12.2
1436,27.21,82.2525,4368.83,1.337,12.5
1437,27.21,82.2525,4368.83,1.1985,10.0625
1438,27.21,82.2525,4368.83,1.203,8.0
1439,27.3725,127.764,4368.83,1.188,14.666666666666666
1440,27.3725,127.764,4368.83,1.1775,16.0
1441,27.3725,127.764,4368.83,1.1435,16.0
1442,27.3725,127.764,4368.83,1.1995,14.666666666666666
1443,27.3725,127.764,4368.83,1.1909999999999998,14.666666666666666
1444,27.1024,151.836,4368.83,1.199,17.142857142857142
1445,27.1024,151.836,4368.83,1.252,16.0
1446,27.1024,151.836,4368.83,1.199,17.142857142857142
1447,27.1024,151.836,4368.83,1.1915,16.0
1448,27.1024,151.836,4368.83,1.2145,16.0
1449,26.6425,198.68,4368.83,1.239,8.0
1450,26.6425,198.68,4368.83,1.1445,5.5
1451,26.6425,198.68,4368.83,1.1565,7.166666666666667
1452,26.6425,198.68,4368.83,1.1645,7.166666666666667
1453,26.3971,195.832,4368.83,1.1775,3.8333333333333335
1454,26.3971,195.832,4368.83,1.1575,3.8333333333333335
1455,26.3971,195.832,4368.83,1.149,3.8333333333333335
1456,26.3971,195.832,4368.83,1.1985,3.0
1457,26.3971,195.832,4368.83,1.1457,3.8333333333333335
1458,26.026999999999997,246.91099999999997,4368.83,1.1475,8.0
1459,26.026999999999997,246.91099999999997,4368.83,1.217,8.0
1460,26.026999999999997,246.91099999999997,4368.83,1.2570000000000001,8.0
1461,26.026999999999997,246.91099999999997,4368.83,1.3465,13.333333333333334
1462,26.026999999999997,246.91099999999997,4368.83,1.2745,8.0
1463,25.9741,193.641,4730.33,1.2725,1.0
1464,25.9741,193.641,4730.33,1.2045,1.0
1465,25.9741,193.641,4730.33,1.2295,1.0
1466,25.9741,193.641,4730.33,1.2275,1.0
1467,25.9741,193.641,4730.33,1.2137,1.0
1468,25.2458,147.71,4730.33,1.1965,19.375
1469,25.2458,147.71,4730.33,1.2645,19.375
1470,25.2458,147.71,4730.33,1.3359999999999999,16.0
1471,25.2458,147.71,4730.33,1.2215,19.375
1472,25.2458,147.71,4730.33,1.2155,18.25
1473,24.6914,74.0922,4730.33,1.219,26.333333333333332
1474,24.6914,74.0922,4730.33,1.3965,16.0
1475,24.6914,74.0922,4730.33,1.382,16.0
1476,24.6914,74.0922,4730.33,1.3695,16.0
1477,24.6914,74.0922,4730.33,1.4381,16.0
1478,24.7691,79.5209,4730.33,1.464,16.0
1479,24.7691,79.5209,4730.33,1.4409999999999998,16.0
1480,24.7691,79.5209,4730.33,1.4755,16.0
1481,24.7691,79.5209,4730.33,1.419,16.0
1482,24.7691,79.5209,4730.33,1.462,16.0
1483,25.7966,45.9809,4730.33,1.4345,15.0
1484,25.7966,45.9809,4730.33,1.411,13.4
1485,25.7966,45.9809,4730.33,1.3695,15.0
1486,25.7966,45.9809,4730.33,1.4409999999999998,15.0
1487,25.7966,45.9809,4730.33,1.4444,15.0
1488,27.3316,55.3684,4730.33,1.514,16.0
1489,27.3316,55.3684,4730.33,1.5490000000000002,13.333333333333334
1490,27.3316,55.3684,4730.33,1.489,11.76923076923077
1491,27.3316,55.3684,4730.33,1.5525,13.333333333333334
1492,27.3316,55.3684,4730.33,1.5015,11.76923076923077
1493,27.21,82.2525,4730.33,1.4755,4.5
1494,27.21,82.2525,4730.33,1.5285,4.5
1495,27.21,82.2525,4730.33,1.571,4.5
1496,27.21,82.2525,4730.33,1.579,4.5
1497,27.21,82.2525,4730.33,1.6415,12.0
1498,27.3725,127.764,4730.33,1.6145,16.0
1499,27.3725,127.764,4730.33,1.675,16.0
1500,27.3725,127.764,4730.33,1.618,16.0
1501,27.3725,127.764,4730.33,1.5725,16.0
1502,27.3725,127.764,4730.33,1.5179,16.0
1503,27.1024,151.836,4730.33,1.449,16.0
1504,27.1024,151.836,4730.33,1.4140000000000001,16.0
1505,27.1024,151.836,4730.33,1.422,16.0
1506,27.1024,151.836,4730.33,1.391,16.0
1507,27.1024,151.836,4730.33,1.3545,16.0
1508,26.6425,198.68,4730.33,1.374,8.0
1509,26.6425,198.68,4730.33,1.4769999999999999,3.2777777777777777
1510,26.6425,198.68,4730.33,1.499,2.888888888888889
1511,26.6425,198.68,4730.33,1.5235,3.0
1512,26.6425,198.68,4730.33,1.4955,3.0
1513,26.3971,195.832,4730.33,1.5015,1.0
1514,26.3971,195.832,4730.33,1.429,0.3333333333333333
1515,26.3971,195.832,4730.33,1.445,0.4
1516,26.3971,195.832,4730.33,1.492,1.0
1517,26.026999999999997,246.91099999999997,4730.33,1.4480000000000002,16.0
1518,26.026999999999997,246.91099999999997,4730.33,1.4175,16.0
1519,26.026999999999997,246.91099999999997,4730.33,1.409,13.5
1520,26.026999999999997,246.91099999999997,4730.33,1.4169999999999998,16.0
1521,26.026999999999997,246.91099999999997,4730.33,1.393,13.5
1522,25.9741,193.641,4250.0,1.3785,3.0
1523,25.9741,193.641,4250.0,1.3985,3.0
1524,25.9741,193.641,4250.0,1.411,1.0
1525,25.9741,193.641,4250.0,1.295,1.0
1526,25.2458,147.71,4250.0,1.3585,16.0
1527,25.2458,147.71,4250.0,1.369,16.0
1528,25.2458,147.71,4250.0,1.3345,16.0
1529,25.2458,147.71,4250.0,1.306,16.0
1530,25.2458,147.71,4250.0,1.321,16.0
1531,24.6914,74.0922,4250.0,1.2770000000000001,18.818181818181817
1532,24.6914,74.0922,4250.0,1.2635,18.818181818181817
1533,24.6914,74.0922,4250.0,1.258,24.157894736842106
1534,24.6914,74.0922,4250.0,1.1345,43.6
1535,24.6914,74.0922,4250.0,1.2571,23.347826086956523
1536,24.7691,79.5209,4250.0,1.2770000000000001,16.0
1537,24.7691,79.5209,4250.0,1.286,16.0
1538,24.7691,79.5209,4250.0,1.3355,16.0
1539,24.7691,79.5209,4250.0,1.3255,16.0
1540,24.7691,79.5209,4250.0,1.3925,16.0
1541,25.7966,45.9809,4250.0,1.3785,13.4
1542,25.7966,45.9809,4250.0,1.4275,13.4
1543,25.7966,45.9809,4250.0,1.32,15.0
1544,25.7966,45.9809,4250.0,1.2585,13.4
1545,25.7966,45.9809,4250.0,1.2784,13.4
1546,27.3316,55.3684,4250.0,1.2785,11.476190476190476
1547,27.3316,55.3684,4250.0,1.3505,12.2
1548,27.3316,55.3684,4250.0,1.3535,12.2
1549,27.3316,55.3684,4250.0,1.3225,12.0
1550,27.21,82.2525,4250.0,1.272,8.0
1551,27.21,82.2525,4250.0,1.3095,11.807692307692308
1552,27.21,82.2525,4250.0,1.2375,8.0
1553,27.21,82.2525,4250.0,1.2435,8.0
1554,27.21,82.2525,4250.0,1.2590000000000001,8.0
1555,27.3725,127.764,4250.0,1.2295,14.666666666666666
1556,27.3725,127.764,4250.0,1.2575,16.0
1557,27.3725,127.764,4250.0,1.2675,16.0
1558,27.3725,127.764,4250.0,1.2455,16.0
1559,27.3725,127.764,4250.0,1.3116,16.0
1560,27.1024,151.836,4250.0,1.2955,16.0
1561,27.1024,151.836,4250.0,1.226,16.0
1562,27.1024,151.836,4250.0,1.2075,16.0
1563,27.1024,151.836,4250.0,1.204,16.0
1564,27.1024,151.836,4250.0,1.262,16.0
1565,26.3971,107.0,4250.0,1.214,1.1666666666666667
1566,26.3971,107.0,4250.0,1.2285,1.0
1567,26.3971,107.0,4250.0,1.2175,1.0
1568,26.3971,107.0,4250.0,1.196,1.0
1569,25.9741,73.0,5000.0,1.1640000000000001,15.5
1570,25.9741,73.0,5000.0,1.1865,15.5
1571,25.9741,73.0,5000.0,1.1425,15.666666666666666
1572,25.9741,73.0,5000.0,1.17,15.5
1573,25.9741,73.0,5000.0,1.2237,13.5
1574,24.6914,9.0,5000.0,1.2275,27.195121951219512
1575,24.6914,9.0,5000.0,1.1725,30.0
1576,24.6914,9.0,5000.0,1.1520000000000001,30.0
1577,24.6914,9.0,5000.0,1.1385,30.0
1578,24.6914,9.0,5000.0,1.1438,30.0
1579,24.7691,6.0,5000.0,1.1165,28.405797101449274
1580,24.7691,6.0,5000.0,1.1505,29.80952380952381
1581,24.7691,6.0,5000.0,1.103,25.666666666666668
1582,24.7691,6.0,5000.0,1.1165,28.405797101449274
1583,24.7691,6.0,5000.0,1.114,25.666666666666668
