Date,Temp(C),Precipitation(mm),Rust (%),Production,Futures
1/1/1991,25.643,260.878,15.00,2273.83,0.8805
1/8/1991,25.643,260.878,15.00,2273.83,0.9045
1/15/1991,25.643,260.878,15.00,2273.83,0.861
1/22/1991,25.643,260.878,15.00,2273.83,0.867
1/29/1991,25.643,260.878,15.00,2273.83,0.8315
2/1/1991,25.9575,193.859,32.00,2273.83,0.823
2/8/1991,25.9575,193.859,32.00,2273.83,0.8725
2/15/1991,25.9575,193.859,32.00,2273.83,0.9055
2/22/1991,25.9575,193.859,32.00,2273.83,0.8975
3/1/1991,25.6557,238.866,50.00,2273.83,0.927
3/8/1991,25.6557,238.866,50.00,2273.83,0.9325
3/15/1991,25.6557,238.866,50.00,2273.83,0.9275
3/22/1991,25.6557,238.866,50.00,2273.83,0.9305
4/1/1991,25.3129,194.848,55.00,2274.42,0.951
4/8/1991,25.3129,194.848,55.00,2274.42,0.9325
4/15/1991,25.3129,194.848,55.00,2274.42,0.919
4/22/1991,25.3129,194.848,55.00,2274.42,0.898
4/29/1991,25.3129,194.848,55.00,2274.42,0.8862
5/1/1991,24.791,119.09,75.00,2274.42,0.9035
5/8/1991,24.791,119.09,75.00,2274.42,0.8845
5/15/1991,24.791,119.09,75.00,2274.42,0.8945
5/22/1991,24.791,119.09,75.00,2274.42,0.868
6/3/1991,23.9843,85.4127,70.00,2274.42,0.867
6/10/1991,23.9843,85.4127,70.00,2274.42,0.8555
6/17/1991,23.9843,85.4127,70.00,2274.42,0.843
6/24/1991,23.9843,85.4127,70.00,2274.42,0.853
7/1/1991,23.2685,68.9336,57.00,2274.42,0.868
7/8/1991,23.2685,68.9336,57.00,2274.42,0.855
7/15/1991,23.2685,68.9336,57.00,2274.42,0.8325
7/22/1991,23.2685,68.9336,57.00,2274.42,0.8305
8/1/1991,23.9083,48.5451,45.00,2274.42,0.83
8/8/1991,23.9083,48.5451,45.00,2274.42,0.807
8/15/1991,23.9083,48.5451,45.00,2274.42,0.7985
8/22/1991,23.9083,48.5451,45.00,2274.42,0.793
8/29/1991,23.9083,48.5451,45.00,2274.42,0.8696
9/3/1991,25.1664,69.8317,30.00,2274.42,0.8915
9/10/1991,25.1664,69.8317,30.00,2274.42,0.925
9/17/1991,25.1664,69.8317,30.00,2274.42,0.8755
9/24/1991,25.1664,69.8317,30.00,2274.42,0.917
10/1/1991,25.5752,96.1997,8.00,2274.42,0.812
10/8/1991,25.5752,96.1997,8.00,2274.42,0.803
10/15/1991,25.5752,96.1997,8.00,2274.42,0.799
10/22/1991,25.5752,96.1997,8.00,2274.42,0.836
11/1/1991,25.9412,133.443,5.00,2274.42,0.788
11/8/1991,25.9412,133.443,5.00,2274.42,0.787
11/15/1991,25.9412,133.443,5.00,2274.42,0.7865
11/22/1991,25.9412,133.443,5.00,2274.42,0.796
12/2/1991,25.9974,162.671,4.00,2274.42,0.854
12/9/1991,25.9974,162.671,4.00,2274.42,0.8015
12/16/1991,25.9974,162.671,4.00,2274.42,0.788
12/23/1991,25.9974,162.671,4.00,2274.42,0.784
1/2/1992,25.7081,232.165,30.00,2274.42,0.79
1/9/1992,25.7081,232.165,30.00,2274.42,0.794
1/16/1992,25.7081,232.165,30.00,2274.42,0.789
1/23/1992,25.7081,232.165,30.00,2274.42,0.761
2/3/1992,25.8255,227.438,19.00,2274.42,0.705
2/10/1992,25.8255,227.438,19.00,2274.42,0.695
2/18/1992,25.8255,227.438,19.00,2274.42,0.667
2/25/1992,25.8255,227.438,19.00,2274.42,0.6672
3/2/1992,25.4243,225.177,33.00,2274.42,0.715
3/9/1992,25.4243,225.177,33.00,2274.42,0.7055
3/16/1992,25.4243,225.177,33.00,2274.42,0.734
3/23/1992,25.4243,225.177,33.00,2274.42,0.7425
3/30/1992,25.4243,225.177,33.00,2274.42,0.6795
4/1/1992,25.178,163.6,65.00,2883.58,0.6945
4/8/1992,25.178,163.6,65.00,2883.58,0.7125
4/15/1992,25.178,163.6,65.00,2883.58,0.645
4/22/1992,25.178,163.6,65.00,2883.58,0.6335
4/29/1992,25.178,163.6,65.00,2883.58,0.6376
5/1/1992,25.1189,95.3013,71.00,2883.58,0.6185
5/8/1992,25.1189,95.3013,71.00,2883.58,0.608
5/15/1992,25.1189,95.3013,71.00,2883.58,0.65
5/22/1992,25.1189,95.3013,71.00,2883.58,0.635
5/29/1992,25.1189,95.3013,71.00,2883.58,0.633
6/1/1992,24.2869,56.1908,72.00,2883.58,0.633
6/8/1992,24.2869,56.1908,72.00,2883.58,0.616
6/15/1992,24.2869,56.1908,72.00,2883.58,0.6195
6/22/1992,24.2869,56.1908,72.00,2883.58,0.5695
6/29/1992,24.2869,56.1908,72.00,2883.58,0.5774
7/1/1992,22.8491,63.4731,74.00,2883.58,0.594
7/8/1992,22.8491,63.4731,74.00,2883.58,0.6115
7/15/1992,22.8491,63.4731,74.00,2883.58,0.615
7/22/1992,22.8491,63.4731,74.00,2883.58,0.6135
7/29/1992,22.8491,63.4731,74.00,2883.58,0.5555
8/3/1992,23.8493,53.9593,65.00,2883.58,0.5625
8/10/1992,23.8493,53.9593,65.00,2883.58,0.5325
8/17/1992,23.8493,53.9593,65.00,2883.58,0.4825
8/24/1992,23.8493,53.9593,65.00,2883.58,0.5235
8/31/1992,23.8493,53.9593,65.00,2883.58,0.5394
9/1/1992,24.4257,95.8098,5.00,2883.58,0.547
9/8/1992,24.4257,95.8098,5.00,2883.58,0.5345
9/15/1992,24.4257,95.8098,5.00,2883.58,0.5215
9/22/1992,24.4257,95.8098,5.00,2883.58,0.5685
9/29/1992,24.4257,95.8098,5.00,2883.58,0.541
10/1/1992,25.5879,117.602,6.00,2883.58,0.567
10/8/1992,25.5879,117.602,6.00,2883.58,0.604
10/15/1992,25.5879,117.602,6.00,2883.58,0.6285
10/22/1992,25.5879,117.602,6.00,2883.58,0.6595
10/29/1992,25.5879,117.602,6.00,2883.58,0.6715
11/2/1992,25.3478,169.348,11.00,2883.58,0.678
11/9/1992,25.3478,169.348,11.00,2883.58,0.6195
11/16/1992,25.3478,169.348,11.00,2883.58,0.725
11/23/1992,25.3478,169.348,11.00,2883.58,0.7001
11/30/1992,25.3478,169.348,11.00,2883.58,0.7278
12/1/1992,25.3391,185.556,21.00,2883.58,0.757
12/8/1992,25.3391,185.556,21.00,2883.58,0.78
12/15/1992,25.3391,185.556,21.00,2883.58,0.787
12/22/1992,25.3391,185.556,21.00,2883.58,0.8155
12/29/1992,25.3391,185.556,21.00,2883.58,0.776
1/4/1993,25.7163,212.073,30.00,2883.58,0.748
1/11/1993,25.7163,212.073,30.00,2883.58,0.6925
1/18/1993,25.7163,212.073,30.00,2883.58,0.6865
1/25/1993,25.7163,212.073,30.00,2883.58,0.5605
2/1/1993,25.3563,227.005,65.00,2883.58,0.6095
2/8/1993,25.3563,227.005,65.00,2883.58,0.5725
2/16/1993,25.3563,227.005,65.00,2883.58,0.6425
2/23/1993,25.3563,227.005,65.00,2883.58,0.6429
3/1/1993,25.6753,185.583,55.00,2883.58,0.6295
3/8/1993,25.6753,185.583,55.00,2883.58,0.633
3/15/1993,25.6753,185.583,55.00,2883.58,0.6325
3/22/1993,25.6753,185.583,55.00,2883.58,0.613
3/29/1993,25.6753,185.583,55.00,2883.58,0.567
4/1/1993,25.5508,163.112,53.00,2347.25,0.578
4/8/1993,25.5508,163.112,53.00,2347.25,0.535
4/15/1993,25.5508,163.112,53.00,2347.25,0.5475
4/22/1993,25.5508,163.112,53.00,2347.25,0.53
4/29/1993,25.5508,163.112,53.00,2347.25,0.6179
5/3/1993,24.3781,114.775,54.00,2347.25,0.6415
5/10/1993,24.3781,114.775,54.00,2347.25,0.601
5/17/1993,24.3781,114.775,54.00,2347.25,0.5985
5/24/1993,24.3781,114.775,54.00,2347.25,0.6145
6/1/1993,23.6627,75.5808,56.00,2347.25,0.6125
6/8/1993,23.6627,75.5808,56.00,2347.25,0.5845
6/15/1993,23.6627,75.5808,56.00,2347.25,0.613
6/22/1993,23.6627,75.5808,56.00,2347.25,0.6165
6/29/1993,23.6627,75.5808,56.00,2347.25,0.6006
7/1/1993,23.3993,65.2647,45.00,2347.25,0.6225
7/8/1993,23.3993,65.2647,45.00,2347.25,0.7035
7/15/1993,23.3993,65.2647,45.00,2347.25,0.724
7/22/1993,23.3993,65.2647,45.00,2347.25,0.729
7/29/1993,23.3993,65.2647,45.00,2347.25,0.741
8/2/1993,23.9156,60.2982,37.00,2347.25,0.774
8/9/1993,23.9156,60.2982,37.00,2347.25,0.7675
8/16/1993,23.9156,60.2982,37.00,2347.25,0.714
8/23/1993,23.9156,60.2982,37.00,2347.25,0.7575
8/30/1993,23.9156,60.2982,37.00,2347.25,0.7834
9/1/1993,25.0619,84.6527,8.00,2347.25,0.7895
9/8/1993,25.0619,84.6527,8.00,2347.25,0.788
9/15/1993,25.0619,84.6527,8.00,2347.25,0.821
9/22/1993,25.0619,84.6527,8.00,2347.25,0.7855
9/29/1993,25.0619,84.6527,8.00,2347.25,0.7565
10/1/1993,25.9872,122.421,4.00,2347.25,0.735
10/8/1993,25.9872,122.421,4.00,2347.25,0.741
10/15/1993,25.9872,122.421,4.00,2347.25,0.751
10/22/1993,25.9872,122.421,4.00,2347.25,0.7715
10/29/1993,25.9872,122.421,4.00,2347.25,0.793
11/1/1993,25.8444,179.768,1.00,2347.25,0.7755
11/8/1993,25.8444,179.768,1.00,2347.25,0.7545
11/15/1993,25.8444,179.768,1.00,2347.25,0.7385
11/22/1993,25.8444,179.768,1.00,2347.25,0.743
11/29/1993,25.8444,179.768,1.00,2347.25,0.7828
12/1/1993,25.7498,208.841,0.00,2347.25,0.7865
12/8/1993,25.7498,208.841,0.00,2347.25,0.7715
12/15/1993,25.7498,208.841,0.00,2347.25,0.798
12/22/1993,25.7498,208.841,0.00,2347.25,0.763
12/29/1993,25.7498,208.841,0.00,2347.25,0.749
1/3/1994,25.5448,265.248,5.00,2347.25,0.725
1/10/1994,25.5448,265.248,5.00,2347.25,0.7305
1/17/1994,25.5448,265.248,5.00,2347.25,0.737
1/24/1994,25.5448,265.248,5.00,2347.25,0.7465
1/31/1994,25.5448,265.248,5.00,2347.25,0.7235
2/1/1994,25.7423,217.778,6.00,2347.25,0.724
2/8/1994,25.7423,217.778,6.00,2347.25,0.7595
2/15/1994,25.7423,217.778,6.00,2347.25,0.765
2/22/1994,25.7423,217.778,6.00,2347.25,0.763
3/1/1994,25.4517,258.888,8.00,2347.25,0.7665
3/8/1994,25.4517,258.888,8.00,2347.25,0.7865
3/15/1994,25.4517,258.888,8.00,2347.25,0.814
3/22/1994,25.4517,258.888,8.00,2347.25,0.829
3/29/1994,25.4517,258.888,8.00,2347.25,0.812
4/4/1994,25.2104,167.747,30.00,2349.33,0.804
4/11/1994,25.2104,167.747,30.00,2349.33,0.842
4/18/1994,25.2104,167.747,30.00,2349.33,0.813
4/25/1994,25.2104,167.747,30.00,2349.33,0.8435
5/2/1994,24.923,123.613,66.00,2349.33,0.8985
5/9/1994,24.923,123.613,66.00,2349.33,1.089
5/16/1994,24.923,123.613,66.00,2349.33,1.2805
5/23/1994,24.923,123.613,66.00,2349.33,1.3905
5/31/1994,24.923,123.613,66.00,2349.33,1.26
6/1/1994,23.5394,114.092,68.00,2349.33,1.23
6/8/1994,23.5394,114.092,68.00,2349.33,1.2795
6/15/1994,23.5394,114.092,68.00,2349.33,1.381
6/22/1994,23.5394,114.092,68.00,2349.33,1.274
6/29/1994,23.5394,114.092,68.00,2349.33,1.8941
7/1/1994,23.2876,63.0297,51.00,2349.33,1.9515
7/8/1994,23.2876,63.0297,51.00,2349.33,1.8835
7/15/1994,23.2876,63.0297,51.00,2349.33,2.3885
7/22/1994,23.2876,63.0297,51.00,2349.33,2.194
7/29/1994,23.2876,63.0297,51.00,2349.33,2.0275
8/1/1994,24.2654,56.0826,0.00,2349.33,2.116
8/8/1994,24.2654,56.0826,0.00,2349.33,1.786
8/15/1994,24.2654,56.0826,0.00,2349.33,1.94
8/22/1994,24.2654,56.0826,0.00,2349.33,1.8275
8/29/1994,24.2654,56.0826,0.00,2349.33,2.1116
9/1/1994,25.5113,83.3549,0.00,2349.33,2.121
9/8/1994,25.5113,83.3549,0.00,2349.33,2.1555
9/15/1994,25.5113,83.3549,0.00,2349.33,2.124
9/22/1994,25.5113,83.3549,0.00,2349.33,2.2755
9/29/1994,25.5113,83.3549,0.00,2349.33,2.161
10/3/1994,26.1809,120.58,0.00,2349.33,2.096
10/10/1994,26.1809,120.58,0.00,2349.33,1.7975
10/17/1994,26.1809,120.58,0.00,2349.33,2.0385
10/24/1994,26.1809,120.58,0.00,2349.33,1.9675
10/31/1994,26.1809,120.58,0.00,2349.33,1.874
11/1/1994,26.0029,158.92,0.00,2349.33,1.8635
11/8/1994,26.0029,158.92,0.00,2349.33,1.89
11/15/1994,26.0029,158.92,0.00,2349.33,1.7125
11/22/1994,26.0029,158.92,0.00,2349.33,1.6035
11/29/1994,26.0029,158.92,0.00,2349.33,1.6072
12/1/1994,25.9198,196.57,0.00,2349.33,1.617
12/8/1994,25.9198,196.57,0.00,2349.33,1.6445
12/15/1994,25.9198,196.57,1.00,2349.33,1.504
12/22/1994,25.9198,196.57,1.00,2349.33,1.7175
12/29/1994,25.9198,196.57,1.00,2349.33,1.7385
1/3/1995,26.1481,189.563,2.00,2349.33,1.6775
1/10/1995,26.1481,189.563,2.00,2349.33,1.69
1/17/1995,26.1481,189.563,2.00,2349.33,1.703
1/24/1995,26.1481,189.563,2.00,2349.33,1.666
1/31/1995,26.1481,189.563,2.00,2349.33,1.555
2/1/1995,26.0212,227.673,9.00,2349.33,1.5575
2/8/1995,26.0212,227.673,9.00,2349.33,1.5685
2/15/1995,26.0212,227.673,9.00,2349.33,1.6525
2/22/1995,26.0212,227.673,9.00,2349.33,1.6915
3/1/1995,26.0192,223.696,20.00,2349.33,1.8665
3/8/1995,26.0192,223.696,20.00,2349.33,1.8135
3/15/1995,26.0192,223.696,20.00,2349.33,1.788
3/22/1995,26.0192,223.696,20.00,2349.33,1.6955
3/29/1995,26.0192,223.696,20.00,2349.33,1.6725
4/3/1995,25.12,199.476,48.00,1505.00,1.6545
4/10/1995,25.12,199.476,48.00,1505.00,1.67
4/17/1995,25.12,199.476,48.00,1505.00,1.643
4/24/1995,25.12,199.476,48.00,1505.00,1.7505
5/1/1995,24.2829,142.946,67.00,1505.00,1.7315
5/8/1995,24.2829,142.946,67.00,1505.00,1.74
5/15/1995,24.2829,142.946,67.00,1505.00,1.7005
5/22/1995,24.2829,142.946,67.00,1505.00,1.6235
5/30/1995,24.2829,142.946,67.00,1505.00,1.5405
6/1/1995,23.7991,87.9987,71.00,1505.00,1.5865
6/8/1995,23.7991,87.9987,71.00,1505.00,1.517
6/15/1995,23.7991,87.9987,71.00,1505.00,1.5425
6/22/1995,23.7991,87.9987,71.00,1505.00,1.5115
6/29/1995,23.7991,87.9987,71.00,1505.00,1.368
7/5/1995,24.2484,71.3748,70.00,1505.00,1.2615
7/12/1995,24.2484,71.3748,70.00,1505.00,1.386
7/19/1995,24.2484,71.3748,70.00,1505.00,1.3955
7/26/1995,24.2484,71.3748,70.00,1505.00,1.523
8/1/1995,25.1264,42.6661,45.00,1505.00,1.42
8/8/1995,25.1264,42.6661,45.00,1505.00,1.4525
8/15/1995,25.1264,42.6661,45.00,1505.00,1.4715
8/22/1995,25.1264,42.6661,45.00,1505.00,1.495
8/30/1995,25.1264,42.6661,45.00,1505.00,1.4772
9/1/1995,25.7505,66.9051,15.00,1505.00,1.5115
9/8/1995,25.7505,66.9051,15.00,1505.00,1.3685
9/15/1995,25.7505,66.9051,15.00,1505.00,1.2975
9/22/1995,25.7505,66.9051,15.00,1505.00,1.256
9/29/1995,25.7505,66.9051,15.00,1505.00,1.1725
10/2/1995,26.1695,115.498,1.00,1505.00,1.218
10/9/1995,26.1695,115.498,1.00,1505.00,1.1405
10/16/1995,26.1695,115.498,1.00,1505.00,1.259
10/23/1995,26.1695,115.498,1.00,1505.00,1.2635
10/30/1995,26.1695,115.498,1.00,1505.00,1.2055
11/1/1995,25.8871,190.862,1.00,1505.00,1.2225
11/8/1995,25.8871,190.862,1.00,1505.00,1.279
11/15/1995,25.8871,190.862,1.00,1505.00,1.2545
11/22/1995,25.8871,190.862,1.00,1505.00,1.1415
11/29/1995,25.8871,190.862,1.00,1505.00,1.0978
12/1/1995,25.8754,226.168,1.00,1505.00,1.044
12/8/1995,25.8754,226.168,1.00,1505.00,1.0155
12/15/1995,25.8754,226.168,1.00,1505.00,1.0775
12/22/1995,25.8754,226.168,1.00,1505.00,0.9635
12/29/1995,25.8754,226.168,1.00,1505.00,0.949
1/2/1996,26.0441,222.935,?,1505.00,0.9125
1/10/1996,26.0441,222.935,?,1505.00,0.979
1/16/1996,26.0441,222.935,?,1505.00,1.039
1/23/1996,26.0441,222.935,?,1505.00,1.07
1/30/1996,26.0441,222.935,?,1505.00,1.1955
2/1/1996,26.1958,211.877,?,1505.00,1.264
2/8/1996,26.1958,211.877,?,1505.00,1.237
2/15/1996,26.1958,211.877,?,1505.00,1.243
2/22/1996,26.1958,211.877,?,1505.00,1.242
2/29/1996,26.1958,211.877,?,1505.00,1.1628
3/1/1996,25.5572,255.542,?,1505.00,1.108
3/8/1996,25.5572,255.542,?,1505.00,1.1205
3/15/1996,25.5572,255.542,?,1505.00,1.1845
3/22/1996,25.5572,255.542,?,1505.00,1.197
3/29/1996,25.5572,255.542,?,1505.00,1.1545
4/1/1996,25.1492,207.154,?,2433.08,1.145
4/8/1996,25.1492,207.154,?,2433.08,1.1355
4/15/1996,25.1492,207.154,?,2433.08,1.1485
4/22/1996,25.1492,207.154,?,2433.08,1.3025
4/29/1996,25.1492,207.154,?,2433.08,1.228
5/1/1996,24.4024,121.134,?,2433.08,1.27
5/8/1996,24.4024,121.134,?,2433.08,1.2875
5/15/1996,24.4024,121.134,?,2433.08,1.2645
5/22/1996,24.4024,121.134,?,2433.08,1.2045
5/29/1996,24.4024,121.134,?,2433.08,1.173
6/3/1996,22.9714,77.9141,?,2433.08,1.1255
6/10/1996,22.9714,77.9141,?,2433.08,1.1775
6/17/1996,22.9714,77.9141,?,2433.08,1.207
6/24/1996,22.9714,77.9141,?,2433.08,1.2295
7/1/1996,23.4198,76.1993,?,2433.08,1.2075
7/8/1996,23.4198,76.1993,?,2433.08,1.1845
7/15/1996,23.4198,76.1993,?,2433.08,1.064
7/22/1996,23.4198,76.1993,?,2433.08,1.0405
7/29/1996,23.4198,76.1993,?,2433.08,1.054
8/1/1996,24.4626,52.5808,?,2433.08,1.067
8/8/1996,24.4626,52.5808,?,2433.08,1.161
8/15/1996,24.4626,52.5808,?,2433.08,1.2115
8/22/1996,24.4626,52.5808,?,2433.08,1.311
8/29/1996,24.4626,52.5808,?,2433.08,1.2147
9/3/1996,25.1977,77.7471,?,2433.08,1.133
9/10/1996,25.1977,77.7471,?,2433.08,1.113
9/17/1996,25.1977,77.7471,?,2433.08,1.0585
9/24/1996,25.1977,77.7471,?,2433.08,1.06
10/1/1996,25.9504,141.984,?,2433.08,1.0475
10/8/1996,25.9504,141.984,?,2433.08,1.125
10/15/1996,25.9504,141.984,?,2433.08,1.142
10/22/1996,25.9504,141.984,?,2433.08,1.176
10/29/1996,25.9504,141.984,?,2433.08,1.1635
11/1/1996,25.7197,174.677,?,2433.08,1.1725
11/8/1996,25.7197,174.677,?,2433.08,1.2585
11/15/1996,25.7197,174.677,?,2433.08,1.225
11/22/1996,25.7197,174.677,?,2433.08,1.165
12/2/1996,26.2828,186.571,?,2433.08,1.0605
12/9/1996,26.2828,186.571,?,2433.08,1.056
12/16/1996,26.2828,186.571,?,2433.08,1.0995
12/23/1996,26.2828,186.571,?,2433.08,1.131
12/30/1996,26.2828,186.571,?,2433.08,1.1595
1/2/1997,25.7316,240.868,?,2433.08,1.1665
1/9/1997,25.7316,240.868,?,2433.08,1.1935
1/16/1997,25.7316,240.868,?,2433.08,1.2305
1/23/1997,25.7316,240.868,?,2433.08,1.4005
1/30/1997,25.7316,240.868,?,2433.08,1.403
2/3/1997,25.8774,218.842,?,2433.08,1.4565
2/10/1997,25.8774,218.842,?,2433.08,1.5865
2/18/1997,25.8774,218.842,?,2433.08,1.681
2/24/1997,25.8774,218.842,?,2433.08,1.7345
3/3/1997,25.2616,292.063,?,2433.08,1.8485
3/10/1997,25.2616,292.063,?,2433.08,1.993
3/17/1997,25.2616,292.063,?,2433.08,1.6865
3/24/1997,25.2616,292.063,?,2433.08,1.629
3/31/1997,25.2616,292.063,?,2433.08,1.9115
4/1/1997,25.197,186.506,?,2179.00,1.943
4/8/1997,25.197,186.506,?,2179.00,1.7875
4/15/1997,25.197,186.506,?,2179.00,1.924
4/22/1997,25.197,186.506,?,2179.00,2.112
4/29/1997,25.197,186.506,?,2179.00,2.0993
5/1/1997,24.3401,124.507,?,2179.00,2.229
5/8/1997,24.3401,124.507,?,2179.00,2.169
5/15/1997,24.3401,124.507,?,2179.00,2.552
5/22/1997,24.3401,124.507,?,2179.00,2.603
5/29/1997,24.3401,124.507,?,2179.00,3.148
6/2/1997,23.7487,64.8979,?,2179.00,2.5395
6/9/1997,23.7487,64.8979,?,2179.00,2.533
6/16/1997,23.7487,64.8979,?,2179.00,1.965
6/23/1997,23.7487,64.8979,?,2179.00,1.9465
6/30/1997,23.7487,64.8979,?,2179.00,1.764
7/1/1997,24.3372,50.4032,?,2179.00,1.7525
7/8/1997,24.3372,50.4032,?,2179.00,1.7165
7/15/1997,24.3372,50.4032,?,2179.00,1.5785
7/22/1997,24.3372,50.4032,?,2179.00,1.691
7/29/1997,24.3372,50.4032,?,2179.00,1.889
8/1/1997,24.8116,54.5595,?,2179.00,1.8495
8/8/1997,24.8116,54.5595,?,2179.00,2.0585
8/15/1997,24.8116,54.5595,?,2179.00,1.7795
8/22/1997,24.8116,54.5595,?,2179.00,1.713
8/29/1997,24.8116,54.5595,?,2179.00,1.8222
9/2/1997,25.6764,68.31,?,2179.00,1.8495
9/9/1997,25.6764,68.31,?,2179.00,1.835
9/16/1997,25.6764,68.31,?,2179.00,1.677
9/23/1997,25.6764,68.31,?,2179.00,1.6885
9/30/1997,25.6764,68.31,?,2179.00,1.625
10/1/1997,26.9505,107.019,?,2179.00,1.6235
10/8/1997,26.9505,107.019,?,2179.00,1.67
10/15/1997,26.9505,107.019,?,2179.00,1.6605
10/22/1997,26.9505,107.019,?,2179.00,1.502
10/29/1997,26.9505,107.019,?,2179.00,1.506
11/3/1997,26.7617,162.081,?,2179.00,1.441
11/10/1997,26.7617,162.081,?,2179.00,1.5685
11/17/1997,26.7617,162.081,?,2179.00,1.593
11/24/1997,26.7617,162.081,?,2179.00,1.5741
12/1/1997,26.4589,225.609,?,2179.00,1.627
12/8/1997,26.4589,225.609,?,2179.00,1.7435
12/15/1997,26.4589,225.609,?,2179.00,1.8545
12/22/1997,26.4589,225.609,?,2179.00,1.5705
12/29/1997,26.4589,225.609,?,2179.00,1.6325
1/5/1998,26.7072,198.729,?,2179.00,1.707
1/12/1998,26.7072,198.729,?,2179.00,1.597
1/20/1998,26.7072,198.729,?,2179.00,1.7805
1/27/1998,26.7072,198.729,?,2179.00,1.708
2/2/1998,26.8819,190.24,?,2179.00,1.782
2/9/1998,26.8819,190.24,?,2179.00,1.7335
2/17/1998,26.8819,190.24,?,2179.00,1.6475
2/24/1998,26.8819,190.24,?,2179.00,1.7288
3/2/1998,26.4072,212.419,?,2179.00,1.583
3/9/1998,26.4072,212.419,?,2179.00,1.4975
3/16/1998,26.4072,212.419,?,2179.00,1.5005
3/23/1998,26.4072,212.419,?,2179.00,1.481
3/30/1998,26.4072,212.419,?,2179.00,1.46
4/1/1998,26.2811,182.788,?,3063.42,1.4375
4/8/1998,26.2811,182.788,?,3063.42,1.4455
4/15/1998,26.2811,182.788,?,3063.42,1.5205
4/22/1998,26.2811,182.788,?,3063.42,1.48
4/29/1998,26.2811,182.788,?,3063.42,1.3265
5/1/1998,24.7912,123.302,?,3063.42,1.2695
5/8/1998,24.7912,123.302,?,3063.42,1.2745
5/15/1998,24.7912,123.302,?,3063.42,1.2555
5/22/1998,24.7912,123.302,?,3063.42,1.364
5/29/1998,24.7912,123.302,?,3063.42,1.325
6/1/1998,23.8738,91.3665,?,3063.42,1.2415
6/8/1998,23.8738,91.3665,?,3063.42,1.1985
6/15/1998,23.8738,91.3665,?,3063.42,1.1995
6/22/1998,23.8738,91.3665,?,3063.42,1.1235
6/29/1998,23.8738,91.3665,?,3063.42,1.1194
7/1/1998,24.4916,61.3108,?,3063.42,1.1155
7/8/1998,24.4916,61.3108,?,3063.42,1.1255
7/15/1998,24.4916,61.3108,?,3063.42,1.071
7/22/1998,24.4916,61.3108,?,3063.42,1.148
7/29/1998,24.4916,61.3108,?,3063.42,1.184
8/3/1998,25.4066,67.8746,?,3063.42,1.309
8/10/1998,25.4066,67.8746,?,3063.42,1.342
8/17/1998,25.4066,67.8746,?,3063.42,1.1095
8/24/1998,25.4066,67.8746,?,3063.42,1.175
8/31/1998,25.4066,67.8746,?,3063.42,1.1728
9/1/1998,25.7172,78.6213,16.00,3063.42,1.136
9/8/1998,25.7172,78.6213,16.00,3063.42,1.1565
9/15/1998,25.7172,78.6213,16.00,3063.42,1.046
9/22/1998,25.7172,78.6213,16.00,3063.42,1.0285
9/29/1998,25.7172,78.6213,16.00,3063.42,1.057
10/1/1998,26.3697,126.911,2.00,3063.42,1.027
10/8/1998,26.3697,126.911,2.00,3063.42,1.1145
10/15/1998,26.3697,126.911,2.00,3063.42,1.0685
10/22/1998,26.3697,126.911,2.00,3063.42,1.0675
10/29/1998,26.3697,126.911,2.00,3063.42,1.074
11/2/1998,26.0175,191.727,1.00,3063.42,1.197
11/9/2018,26.0175,191.727,1.00,3063.42,1.1965
11/16/1998,26.0175,191.727,1.00,3063.42,1.14
11/23/1998,26.0175,191.727,1.00,3063.42,1.0812
11/30/1998,26.0175,191.727,1.00,3063.42,1.1054
12/1/1998,26.2946,203.727,3.00,3063.42,1.0885
12/8/1998,26.2946,203.727,3.00,3063.42,1.1185
12/15/1998,26.2946,203.727,3.00,3063.42,1.212
12/22/1998,26.2946,203.727,3.00,3063.42,1.1605
12/29/1998,26.2946,203.727,3.00,3063.42,1.168
1/4/1999,26.1067,245.532,8.00,3063.42,1.226
1/11/1999,26.1067,245.532,8.00,3063.42,1.1995
1/19/1999,26.1067,245.532,8.00,3063.42,1.0655
1/25/1999,26.1067,245.532,8.00,3063.42,1.058
2/1/1999,26.0443,215.181,9.00,3063.42,1.0555
2/8/1999,26.0443,215.181,9.00,3063.42,1.04
2/16/1999,26.0443,215.181,9.00,3063.42,1.0095
2/22/1999,26.0443,215.181,9.00,3063.42,1.028
3/1/1999,25.8348,227.251,19.00,3063.42,1.0315
3/8/1999,25.8348,227.251,19.00,3063.42,1.041
3/15/1999,25.8348,227.251,19.00,3063.42,1.033
3/22/1999,25.8348,227.251,19.00,3063.42,1.007
3/29/1999,25.8348,227.251,19.00,3063.42,1.128
4/1/1999,25.1187,180.127,25.00,3964.83,1.1005
4/8/1999,25.1187,180.127,25.00,3964.83,0.977
4/15/1999,25.1187,180.127,25.00,3964.83,0.9845
4/22/1999,25.1187,180.127,25.00,3964.83,0.9695
4/30/1999,25.1187,180.127,25.00,3964.83,1.0396
5/3/1999,23.9345,144.936,34.00,3964.83,1.027
5/10/1999,23.9345,144.936,34.00,3964.83,1.0535
5/17/1999,23.9345,144.936,34.00,3964.83,1.094
5/24/1999,23.9345,144.936,34.00,3964.83,1.194
6/1/1999,23.7212,84.6363,38.00,3964.83,1.2085
6/8/1999,23.7212,84.6363,38.00,3964.83,1.057
6/15/1999,23.7212,84.6363,38.00,3964.83,1.0395
6/22/1999,23.7212,84.6363,38.00,3964.83,1.0555
6/29/1999,23.7212,84.6363,38.00,3964.83,1.0157
7/1/1999,23.7914,62.0607,35.00,3964.83,1.0045
7/8/1999,23.7914,62.0607,35.00,3964.83,0.9645
7/15/1999,23.7914,62.0607,35.00,3964.83,0.9415
7/22/1999,23.7914,62.0607,35.00,3964.83,0.981
7/29/1999,23.7914,62.0607,35.00,3964.83,0.951
8/2/1999,24.4096,45.5621,30.00,3964.83,0.9375
8/9/1999,24.4096,45.5621,30.00,3964.83,0.9425
8/16/1999,24.4096,45.5621,30.00,3964.83,0.8975
8/23/1999,24.4096,45.5621,30.00,3964.83,0.8965
8/30/1999,24.4096,45.5621,30.00,3964.83,0.8711
9/1/1999,25.5916,83.7153,16.00,3964.83,0.9425
9/8/1999,25.5916,83.7153,16.00,3964.83,0.908
9/15/1999,25.5916,83.7153,16.00,3964.83,0.845
9/22/1999,25.5916,83.7153,16.00,3964.83,0.818
9/29/1999,25.5916,83.7153,16.00,3964.83,0.867
10/1/1999,26.015,117.683,2.00,3964.83,0.8135
10/8/1999,26.015,117.683,2.00,3964.83,0.851
10/15/1999,26.015,117.683,2.00,3964.83,1.084
10/22/1999,26.015,117.683,2.00,3964.83,0.929
10/29/1999,26.015,117.683,2.00,3964.83,1.002
11/1/1999,25.8869,173.981,1.00,3964.83,1.1035
11/8/1999,25.8869,173.981,1.00,3964.83,1.109
11/15/1999,25.8869,173.981,1.00,3964.83,1.288
11/22/1999,25.8869,173.981,1.00,3964.83,1.103
11/29/1999,25.8869,173.981,1.00,3964.83,1.168
12/1/1999,26.1328,228.322,3.00,3964.83,1.3085
12/8/1999,26.1328,228.322,3.00,3964.83,1.291
12/15/1999,26.1328,228.322,3.00,3964.83,1.2835
12/22/1999,26.1328,228.322,3.00,3964.83,1.1765
12/29/1999,26.1328,228.322,3.00,3964.83,1.2
1/3/2000,25.9065,255.086,8.00,3964.83,1.165
1/10/2000,25.9065,255.086,8.00,3964.83,1.1755
1/18/2000,25.9065,255.086,8.00,3964.83,1.1575
1/25/2000,25.9065,255.086,8.00,3964.83,1.1285
2/1/2000,25.7341,262.415,9.00,3964.83,1.1165
2/8/2000,25.7341,262.415,9.00,3964.83,1.0855
2/15/2000,25.7341,262.415,9.00,3964.83,1.058
2/22/2000,25.7341,262.415,9.00,3964.83,1.032
2/29/2000,25.7341,262.415,9.00,3964.83,1.003
3/1/2000,25.5243,262.83,19.00,3964.83,1.019
3/8/2000,25.5243,262.83,19.00,3964.83,1.08
3/15/2000,25.5243,262.83,19.00,3964.83,1.0315
3/22/2000,25.5243,262.83,19.00,3964.83,1.058
3/29/2000,25.5243,262.83,19.00,3964.83,1.039
4/3/2000,25.2622,201.719,25.00,2609.17,1.021
4/10/2000,25.2622,201.719,25.00,2609.17,0.9665
4/17/2000,25.2622,201.719,25.00,2609.17,0.9665
4/24/2000,25.2622,201.719,25.00,2609.17,0.9425
5/1/2000,24.6355,128.989,34.00,2609.17,1.0355
5/8/2000,24.6355,128.989,34.00,2609.17,1.0015
5/15/2000,24.6355,128.989,34.00,2609.17,0.9375
5/22/2000,24.6355,128.989,34.00,2609.17,1.033
5/30/2000,24.6355,128.989,34.00,2609.17,1.004
6/1/2000,24.0547,78.3671,38.00,2609.17,0.9445
6/8/2000,24.0547,78.3671,38.00,2609.17,0.9255
6/15/2000,24.0547,78.3671,38.00,2609.17,0.8815
6/22/2000,24.0547,78.3671,38.00,2609.17,0.8615
7/5/2000,22.9562,74.1941,35.00,2609.17,0.881
7/12/2000,22.9562,74.1941,35.00,2609.17,0.925
7/19/2000,22.9562,74.1941,35.00,2609.17,1.1175
7/26/2000,22.9562,74.1941,35.00,2609.17,0.8695
8/1/2000,24.7715,71.4196,30.00,2609.17,0.863
8/8/2000,24.7715,71.4196,30.00,2609.17,0.837
8/15/2000,24.7715,71.4196,30.00,2609.17,0.786
8/22/2000,24.7715,71.4196,30.00,2609.17,0.771
8/29/2000,24.7715,71.4196,30.00,2609.17,0.7674
9/1/2000,25.1845,108.85,16.00,2609.17,0.8035
9/8/2000,25.1845,108.85,16.00,2609.17,0.823
9/15/2000,25.1845,108.85,16.00,2609.17,0.8125
9/22/2000,25.1845,108.85,16.00,2609.17,0.78
9/29/2000,25.1845,108.85,16.00,2609.17,0.83
10/2/2000,26.5363,107.227,2.00,2609.17,0.7935
10/9/2000,26.5363,107.227,2.00,2609.17,0.7995
10/16/2000,26.5363,107.227,2.00,2609.17,0.8565
10/23/2000,26.5363,107.227,2.00,2609.17,0.7845
10/30/2000,26.5363,107.227,2.00,2609.17,0.735
11/1/2000,25.8937,180.837,1.00,2609.17,0.739
11/8/2000,25.8937,180.837,1.00,2609.17,0.753
11/15/2000,25.8937,180.837,1.00,2609.17,0.703
11/22/2000,25.8937,180.837,1.00,2609.17,0.683
11/29/2000,25.8937,180.837,1.00,2609.17,0.7277
12/1/2000,25.9276,215.711,3.00,2609.17,0.7165
12/8/2000,25.9276,215.711,3.00,2609.17,0.68
12/15/2000,25.9276,215.711,3.00,2609.17,0.667
12/22/2000,25.9276,215.711,3.00,2609.17,0.654
12/29/2000,25.9276,215.711,3.00,2609.17,0.6555
1/2/2001,25.8022,212.125,8.00,2609.17,0.634
1/9/2001,25.8022,212.125,8.00,2609.17,0.638
1/16/2001,25.8022,212.125,8.00,2609.17,0.674
1/23/2001,25.8022,212.125,8.00,2609.17,0.6985
1/30/2001,25.8022,212.125,8.00,2609.17,0.642
2/1/2001,26.1029,210.466,9.00,2609.17,0.647
2/8/2001,26.1029,210.466,9.00,2609.17,0.62
2/15/2001,26.1029,210.466,9.00,2609.17,0.615
2/22/2001,26.1029,210.466,9.00,2609.17,0.6285
3/1/2001,26.0353,231.306,19.00,2609.17,0.648
3/8/2001,26.0353,231.306,19.00,2609.17,0.6665
3/15/2001,26.0353,231.306,19.00,2609.17,0.61
3/22/2001,26.0353,231.306,19.00,2609.17,0.602
3/29/2001,26.0353,231.306,19.00,2609.17,0.6175
4/2/2001,25.8097,168.994,25.00,2613.75,0.595
4/9/2001,25.8097,168.994,25.00,2613.75,0.576
4/16/2001,25.8097,168.994,25.00,2613.75,0.5665
4/23/2001,25.8097,168.994,25.00,2613.75,0.6175
4/30/2001,25.8097,168.994,25.00,2613.75,0.6393
5/1/2001,24.771,137.072,34.00,2613.75,0.6715
5/8/2001,24.771,137.072,34.00,2613.75,0.689
5/15/2001,24.771,137.072,34.00,2613.75,0.646
5/22/2001,24.771,137.072,34.00,2613.75,0.6505
5/29/2001,24.771,137.072,34.00,2613.75,0.598
6/1/2001,23.245,92.9495,38.00,2613.75,0.579
6/8/2001,23.245,92.9495,38.00,2613.75,0.5815
6/15/2001,23.245,92.9495,38.00,2613.75,0.594
6/22/2001,23.245,92.9495,38.00,2613.75,0.559
6/29/2001,23.245,92.9495,38.00,2613.75,0.5802
7/2/2001,24.2418,69.1323,35.00,2613.75,0.569
7/9/2001,24.2418,69.1323,35.00,2613.75,0.5495
7/16/2001,24.2418,69.1323,35.00,2613.75,0.544
7/23/2001,24.2418,69.1323,35.00,2613.75,0.5395
7/30/2001,24.2418,69.1323,35.00,2613.75,0.5185
8/1/2001,25.1831,45.7124,30.00,2613.75,0.5125
8/8/2001,25.1831,45.7124,30.00,2613.75,0.4965
8/15/2001,25.1831,45.7124,30.00,2613.75,0.492
8/22/2001,25.1831,45.7124,30.00,2613.75,0.508
9/4/2001,25.6916,87.8372,16.00,2613.75,0.5105
9/17/2001,25.6916,87.8372,16.00,2613.75,0.5085
9/26/2001,25.6916,87.8372,16.00,2613.75,0.4915
10/1/2001,26.3197,132.565,2.00,2613.75,0.474
10/8/2001,26.3197,132.565,2.00,2613.75,0.459
10/15/2001,26.3197,132.565,2.00,2613.75,0.4385
10/22/2001,26.3197,132.565,2.00,2613.75,0.425
10/29/2001,26.3197,132.565,2.00,2613.75,0.4365
11/1/2001,26.4455,174.975,1.00,2613.75,0.452
11/8/2001,26.4455,174.975,1.00,2613.75,0.4575
11/15/2001,26.4455,174.975,1.00,2613.75,0.484
11/26/2001,26.4455,174.975,1.00,2613.75,0.4575
12/3/2001,26.039,225.24,3.00,2613.75,0.461
12/10/2001,26.039,225.24,3.00,2613.75,0.4685
12/17/2001,26.039,225.24,3.00,2613.75,0.4635
12/27/2001,26.039,225.24,3.00,2613.75,0.465
1/2/2002,25.9703,272.975,8.00,2613.75,0.4735
1/9/2002,25.9703,272.975,8.00,2613.75,0.5085
1/15/2002,25.9703,272.975,8.00,2613.75,0.5025
1/22/2002,25.9703,272.975,8.00,2613.75,0.468
1/29/2002,25.9703,272.975,8.00,2613.75,0.447
2/1/2002,26.0612,212.288,9.00,2613.75,0.4545
2/8/2002,26.0612,212.288,9.00,2613.75,0.4455
2/15/2002,26.0612,212.288,9.00,2613.75,0.441
2/22/2002,26.0612,212.288,9.00,2613.75,0.48
3/1/2002,26.2802,212.225,19.00,2613.75,0.4735
3/8/2002,26.2802,212.225,19.00,2613.75,0.4985
3/15/2002,26.2802,212.225,19.00,2613.75,0.556
3/22/2002,26.2802,212.225,19.00,2613.75,0.543
4/1/2002,25.9732,186.854,25.00,4029.33,0.585
4/8/2002,25.9732,186.854,25.00,4029.33,0.5405
4/15/2002,25.9732,186.854,25.00,4029.33,0.5315
4/22/2002,25.9732,186.854,25.00,4029.33,0.5385
4/29/2002,25.9732,186.854,25.00,4029.33,0.5072
5/1/2002,25.1945,152.347,34.00,4029.33,0.509
5/8/2002,25.1945,152.347,34.00,4029.33,0.504
5/15/2002,25.1945,152.347,34.00,4029.33,0.494
5/22/2002,25.1945,152.347,34.00,4029.33,0.507
5/29/2002,25.1945,152.347,34.00,4029.33,0.5165
6/3/2002,24.0269,79.5932,38.00,4029.33,0.512
6/10/2002,24.0269,79.5932,38.00,4029.33,0.495
6/17/2002,24.0269,79.5932,38.00,4029.33,0.471
6/24/2002,24.0269,79.5932,38.00,4029.33,0.479
7/1/2002,24.3371,63.3801,35.00,4029.33,0.5005
7/8/2002,24.3371,63.3801,35.00,4029.33,0.504
7/15/2002,24.3371,63.3801,35.00,4029.33,0.5075
7/22/2002,24.3371,63.3801,35.00,4029.33,0.4845
7/29/2002,24.3371,63.3801,35.00,4029.33,0.4725
8/1/2002,25.3269,55.8905,30.00,4029.33,0.475
8/8/2002,25.3269,55.8905,30.00,4029.33,0.479
8/15/2002,25.3269,55.8905,30.00,4029.33,0.465
8/22/2002,25.3269,55.8905,30.00,4029.33,0.4825
8/29/2002,25.3269,55.8905,30.00,4029.33,0.5192
9/3/2002,25.689,72.054,16.00,4029.33,0.5585
9/10/2002,25.689,72.054,16.00,4029.33,0.5995
9/17/2002,25.689,72.054,16.00,4029.33,0.617
9/24/2002,25.689,72.054,16.00,4029.33,0.5485
10/1/2002,26.9941,119.59,2.00,4029.33,0.5655
10/8/2002,26.9941,119.59,2.00,4029.33,0.5825
10/15/2002,26.9941,119.59,2.00,4029.33,0.697
10/22/2002,26.9941,119.59,2.00,4029.33,0.641
10/29/2002,26.9941,119.59,2.00,4029.33,0.629
11/1/2002,26.4679,146.828,1.00,4029.33,0.64
11/8/2002,26.4679,146.828,1.00,4029.33,0.6785
11/15/2002,26.4679,146.828,1.00,4029.33,0.664
11/22/2002,26.4679,146.828,1.00,4029.33,0.677
12/2/2002,26.3824,237.288,3.00,4029.33,0.7285
12/9/2002,26.3824,237.288,3.00,4029.33,0.663
12/16/2002,26.3824,237.288,3.00,4029.33,0.6125
12/23/2002,26.3824,237.288,3.00,4029.33,0.6145
12/30/2002,26.3824,237.288,3.00,4029.33,0.6135
1/2/2003,26.3988,214.464,8.00,4029.33,0.6165
1/9/2003,26.3988,214.464,8.00,4029.33,0.627
1/16/2003,26.3988,214.464,8.00,4029.33,0.6585
1/23/2003,26.3988,214.464,8.00,4029.33,0.682
1/30/2003,26.3988,214.464,8.00,4029.33,0.6395
2/3/2003,26.4573,232.662,9.00,4029.33,0.6615
2/10/2003,26.4573,232.662,9.00,4029.33,0.668
2/19/2003,26.4573,232.662,9.00,4029.33,0.6115
2/24/2003,26.4573,232.662,9.00,4029.33,0.6
3/3/2003,26.0458,220.832,19.00,4029.33,0.5995
3/10/2003,26.0458,220.832,19.00,4029.33,0.6145
3/17/2003,26.0458,220.832,19.00,4029.33,0.5755
3/24/2003,26.0458,220.832,19.00,4029.33,0.5985
3/31/2003,26.0458,220.832,19.00,4029.33,0.5865
4/1/2003,25.709,173.983,25.00,2406.08,0.583
4/8/2003,25.709,173.983,25.00,2406.08,0.612
4/15/2003,25.709,173.983,25.00,2406.08,0.592
4/22/2003,25.709,173.983,25.00,2406.08,0.648
4/29/2003,25.709,173.983,25.00,2406.08,0.6588
5/1/2003,24.7453,134.164,34.00,2406.08,0.6915
5/8/2003,24.7453,134.164,34.00,2406.08,0.6875
5/15/2003,24.7453,134.164,34.00,2406.08,0.648
5/22/2003,24.7453,134.164,34.00,2406.08,0.6635
5/29/2003,24.7453,134.164,34.00,2406.08,0.593
6/2/2003,24.5994,87.1816,38.00,2406.08,0.6
6/9/2003,24.5994,87.1816,38.00,2406.08,0.589
6/16/2003,24.5994,87.1816,38.00,2406.08,0.601
6/23/2003,24.5994,87.1816,38.00,2406.08,0.563
6/30/2003,24.5994,87.1816,38.00,2406.08,0.6066
7/1/2003,23.9775,57.2875,35.00,2406.08,0.61
7/8/2003,23.9775,57.2875,35.00,2406.08,0.6255
7/15/2003,23.9775,57.2875,35.00,2406.08,0.627
7/22/2003,23.9775,57.2875,35.00,2406.08,0.595
7/29/2003,23.9775,57.2875,35.00,2406.08,0.6295
8/1/2003,24.2107,64.1158,30.00,2406.08,0.6505
8/8/2003,24.2107,64.1158,30.00,2406.08,0.637
8/15/2003,24.2107,64.1158,30.00,2406.08,0.601
8/22/2003,24.2107,64.1158,30.00,2406.08,0.603
8/29/2003,24.2107,64.1158,30.00,2406.08,0.6301
9/2/2003,25.5222,84.83,16.00,2406.08,0.637
9/9/2003,25.5222,84.83,16.00,2406.08,0.7085
9/16/2003,25.5222,84.83,16.00,2406.08,0.626
9/23/2003,25.5222,84.83,16.00,2406.08,0.642
9/30/2003,25.5222,84.83,16.00,2406.08,0.629
10/1/2003,26.2036,107.933,2.00,2406.08,0.6515
10/8/2003,26.2036,107.933,2.00,2406.08,0.6265
10/15/2003,26.2036,107.933,2.00,2406.08,0.6105
10/22/2003,26.2036,107.933,2.00,2406.08,0.6185
10/29/2003,26.2036,107.933,2.00,2406.08,0.613
11/3/2003,26.2583,151.721,1.00,2406.08,0.5865
11/10/2003,26.2583,151.721,1.00,2406.08,0.591
11/17/2003,26.2583,151.721,1.00,2406.08,0.5925
11/24/2003,26.2583,151.721,1.00,2406.08,0.5841
12/1/2003,26.5912,161.256,3.00,2406.08,0.624
12/8/2003,26.5912,161.256,3.00,2406.08,0.6645
12/15/2003,26.5912,161.256,3.00,2406.08,0.622
12/22/2003,26.5912,161.256,3.00,2406.08,0.641
12/29/2003,26.5912,161.256,3.00,2406.08,0.6395
1/5/2004,26.1081,267.688,8.00,2406.08,0.686
1/12/2004,26.1081,267.688,8.00,2406.08,0.708
1/20/2004,26.1081,267.688,8.00,2406.08,0.708
1/26/2004,26.1081,267.688,8.00,2406.08,0.7735
2/2/2004,25.7854,270.303,9.00,2406.08,0.7495
2/9/2004,25.7854,270.303,9.00,2406.08,0.715
2/17/2004,25.7854,270.303,9.00,2406.08,0.743
2/23/2004,25.7854,270.303,9.00,2406.08,0.6975
3/1/2004,25.9067,252.8,19.00,2406.08,0.76
3/8/2004,25.9067,252.8,19.00,2406.08,0.752
3/15/2004,25.9067,252.8,19.00,2406.08,0.7745
3/22/2004,25.9067,252.8,19.00,2406.08,0.7735
3/29/2004,25.9067,252.8,19.00,2406.08,0.724
4/1/2004,26.0214,162.485,25.00,3273.42,0.741
4/8/2004,26.0214,162.485,25.00,3273.42,0.7255
4/15/2004,26.0214,162.485,25.00,3273.42,0.704
4/22/2004,26.0214,162.485,25.00,3273.42,0.677
4/29/2004,26.0214,162.485,25.00,3273.42,0.6928
5/3/2004,24.3635,132.326,34.00,3273.42,0.6975
5/10/2004,24.3635,132.326,34.00,3273.42,0.7195
5/17/2004,24.3635,132.326,34.00,3273.42,0.6955
5/24/2004,24.3635,132.326,34.00,3273.42,0.7665
6/1/2004,23.8823,74.3153,38.00,3273.42,0.829
6/8/2004,23.8823,74.3153,38.00,3273.42,0.816
6/15/2004,23.8823,74.3153,38.00,3273.42,0.782
6/22/2004,23.8823,74.3153,38.00,3273.42,0.741
6/29/2004,23.8823,74.3153,38.00,3273.42,0.7304
7/1/2004,23.6613,76.1717,35.00,3273.42,0.749
7/8/2004,23.6613,76.1717,35.00,3273.42,0.7
7/15/2004,23.6613,76.1717,35.00,3273.42,0.721
7/22/2004,23.6613,76.1717,35.00,3273.42,0.717
7/29/2004,23.6613,76.1717,35.00,3273.42,0.6765
8/2/2004,24.5159,53.0218,30.00,3273.42,0.6645
8/9/2004,24.5159,53.0218,30.00,3273.42,0.6735
8/16/2004,24.5159,53.0218,30.00,3273.42,0.689
8/23/2004,24.5159,53.0218,30.00,3273.42,0.6985
8/30/2004,24.5159,53.0218,30.00,3273.42,0.7072
9/1/2004,26.1668,57.4625,?,3273.42,0.7395
9/8/2004,26.1668,57.4625,?,3273.42,0.7125
9/15/2004,26.1668,57.4625,?,3273.42,0.7705
9/22/2004,26.1668,57.4625,?,3273.42,0.8355
9/29/2004,26.1668,57.4625,?,3273.42,0.824
10/1/2004,26.3803,121.908,?,3273.42,0.8015
10/8/2004,26.3803,121.908,?,3273.42,0.772
10/15/2004,26.3803,121.908,?,3273.42,0.7465
10/22/2004,26.3803,121.908,?,3273.42,0.751
10/29/2004,26.3803,121.908,?,3273.42,0.744
11/1/2004,26.4008,141.84,?,3273.42,0.742
11/8/2004,26.4008,141.84,?,3273.42,0.7985
11/15/2004,26.4008,141.84,?,3273.42,0.9165
11/22/2004,26.4008,141.84,?,3273.42,0.8935
11/29/2004,26.4008,141.84,?,3273.42,0.9657
12/1/2004,26.2449,182.632,?,3273.42,0.986
12/8/2004,26.2449,182.632,?,3273.42,0.9805
12/15/2004,26.2449,182.632,?,3273.42,1.0055
12/22/2004,26.2449,182.632,?,3273.42,1.0125
12/29/2004,26.2449,182.632,?,3273.42,1.0795
1/3/2005,26.665,220.888,?,3273.42,1.031
1/10/2005,26.665,220.888,?,3273.42,0.956
1/18/2005,26.665,220.888,?,3273.42,1.044
1/24/2005,26.665,220.888,?,3273.42,1.0465
1/31/2005,26.665,220.888,?,3273.42,1.0465
2/1/2005,26.4822,225.245,?,3273.42,1.058
2/8/2005,26.4822,225.245,?,3273.42,1.117
2/15/2005,26.4822,225.245,?,3273.42,1.178
2/22/2005,26.4822,225.245,?,3273.42,1.151
3/1/2005,26.1665,275.704,?,3273.42,1.2145
3/8/2005,26.1665,275.704,?,3273.42,1.3285
3/15/2005,26.1665,275.704,?,3273.42,1.369
3/22/2005,26.1665,275.704,?,3273.42,1.3135
3/29/2005,26.1665,275.704,?,3273.42,1.2205
4/1/2005,25.9846,189.985,?,2744.42,1.2395
4/8/2005,25.9846,189.985,?,2744.42,1.1685
4/15/2005,25.9846,189.985,?,2744.42,1.1255
4/22/2005,25.9846,189.985,?,2744.42,1.248
4/29/2005,25.9846,189.985,?,2744.42,1.2739
5/2/2005,25.1517,158.104,?,2744.42,1.2355
5/9/2005,25.1517,158.104,?,2744.42,1.2395
5/16/2005,25.1517,158.104,?,2744.42,1.1625
5/23/2005,25.1517,158.104,?,2744.42,1.1815
5/31/2005,25.1517,158.104,?,2744.42,1.1835
6/1/2005,24.5166,68.9473,?,2744.42,1.1805
6/8/2005,24.5166,68.9473,?,2744.42,1.214
6/15/2005,24.5166,68.9473,?,2744.42,1.1115
6/22/2005,24.5166,68.9473,?,2744.42,1.108
6/29/2005,24.5166,68.9473,?,2744.42,1.0511
7/1/2005,23.9213,46.6327,?,2744.42,1.053
7/8/2005,23.9213,46.6327,?,2744.42,1.069
7/15/2005,23.9213,46.6327,?,2744.42,1.055
7/22/2005,23.9213,46.6327,?,2744.42,0.9945
7/29/2005,23.9213,46.6327,?,2744.42,1.0315
8/1/2005,25.4403,52.5465,?,2744.42,1.0215
8/8/2005,25.4403,52.5465,?,2744.42,1.023
8/15/2005,25.4403,52.5465,?,2744.42,0.9615
8/22/2005,25.4403,52.5465,?,2744.42,0.9635
8/29/2005,25.4403,52.5465,?,2744.42,0.9386
9/1/2005,25.2846,71.4529,?,2744.42,1.0495
9/8/2005,25.2846,71.4529,?,2744.42,0.9595
9/15/2005,25.2846,71.4529,?,2744.42,0.9225
9/22/2005,25.2846,71.4529,?,2744.42,0.923
9/29/2005,25.2846,71.4529,?,2744.42,0.9295
10/3/2005,26.8205,117.666,20.00,2744.42,0.9285
10/10/2005,26.8205,117.666,20.00,2744.42,0.989
10/17/2005,26.8205,117.666,20.00,2744.42,1.041
10/24/2005,26.8205,117.666,20.00,2744.42,1.0315
10/31/2005,26.8205,117.666,20.00,2744.42,0.9665
11/1/2005,26.7675,141.097,20.00,2744.42,0.971
11/8/2005,26.7675,141.097,20.00,2744.42,1.0785
11/15/2005,26.7675,141.097,20.00,2744.42,0.965
11/22/2005,26.7675,141.097,20.00,2744.42,0.9865
11/29/2005,26.7675,141.097,20.00,2744.42,0.9825
12/1/2005,25.9458,245.874,3.00,2744.42,0.9645
12/8/2005,25.9458,245.874,3.00,2744.42,0.962
12/15/2005,25.9458,245.874,3.00,2744.42,0.9785
12/22/2005,25.9458,245.874,3.00,2744.42,1.028
12/29/2005,25.9458,245.874,3.00,2744.42,1.069
1/3/2006,26.5366,212.477,8.00,2744.42,1.086
1/10/2006,26.5366,212.477,8.00,2744.42,1.191
1/17/2006,26.5366,212.477,8.00,2744.42,1.238
1/24/2006,26.5366,212.477,8.00,2744.42,1.224
1/31/2006,26.5366,212.477,8.00,2744.42,1.182
2/1/2006,26.275,226.571,12.00,2744.42,1.1725
2/8/2006,26.275,226.571,12.00,2744.42,1.1345
2/15/2006,26.275,226.571,12.00,2744.42,1.078
2/22/2006,26.275,226.571,12.00,2744.42,1.095
3/1/2006,26.1044,256.832,16.00,2744.42,1.1405
3/8/2006,26.1044,256.832,16.00,2744.42,1.0865
3/15/2006,26.1044,256.832,16.00,2744.42,1.0875
3/22/2006,26.1044,256.832,16.00,2744.42,1.0415
3/29/2006,26.1044,256.832,16.00,2744.42,1.0435
4/3/2006,25.3955,216.115,48.00,3582.25,1.0945
4/10/2006,25.3955,216.115,48.00,3582.25,1.0815
4/17/2006,25.3955,216.115,48.00,3582.25,1.0665
4/24/2006,25.3955,216.115,48.00,3582.25,1.1135
5/1/2006,24.0456,158.622,52.00,3582.25,1.096
5/8/2006,24.0456,158.622,52.00,3582.25,1.076
5/15/2006,24.0456,158.622,52.00,3582.25,1.016
5/22/2006,24.0456,158.622,52.00,3582.25,0.996
5/30/2006,24.0456,158.622,52.00,3582.25,0.9875
6/1/2006,23.8359,80.4482,78.00,3582.25,0.9995
6/8/2006,23.8359,80.4482,78.00,3582.25,0.9645
6/15/2006,23.8359,80.4482,78.00,3582.25,0.9655
6/22/2006,23.8359,80.4482,78.00,3582.25,0.957
6/29/2006,23.8359,80.4482,78.00,3582.25,0.9831
7/3/2006,24.3867,60.2834,47.00,3582.25,1.035
7/10/2006,24.3867,60.2834,47.00,3582.25,1.007
7/17/2006,24.3867,60.2834,47.00,3582.25,0.9715
7/24/2006,24.3867,60.2834,47.00,3582.25,0.9405
7/31/2006,24.3867,60.2834,47.00,3582.25,0.9935
8/1/2006,25.2383,45.3446,1.00,3582.25,0.983
8/8/2006,25.2383,45.3446,1.00,3582.25,1.071
8/15/2006,25.2383,45.3446,1.00,3582.25,1.0285
8/22/2006,25.2383,45.3446,1.00,3582.25,1.082
8/29/2006,25.2383,45.3446,1.00,3582.25,1.049
9/1/2006,25.6825,71.5101,?,3582.25,1.076
9/8/2006,25.6825,71.5101,?,3582.25,1.0615
9/15/2006,25.6825,71.5101,?,3582.25,1.021
9/22/2006,25.6825,71.5101,?,3582.25,1.0445
9/29/2006,25.6825,71.5101,?,3582.25,1.0765
10/2/2006,26.577,130.381,?,3582.25,1.0355
10/9/2006,26.577,130.381,?,3582.25,1.0305
10/16/2006,26.577,130.381,?,3582.25,1.019
10/23/2006,26.577,130.381,?,3582.25,1.0685
10/30/2006,26.577,130.381,?,3582.25,1.08
11/1/2006,26.0827,177.536,?,3582.25,1.0865
11/8/2006,26.0827,177.536,?,3582.25,1.1575
11/15/2006,26.0827,177.536,?,3582.25,1.1815
11/22/2006,26.0827,177.536,?,3582.25,1.1555
11/29/2006,26.0827,177.536,?,3582.25,1.214
12/1/2006,26.471,212.312,?,3582.25,1.276
12/8/2006,26.471,212.312,?,3582.25,1.2585
12/15/2006,26.471,212.312,?,3582.25,1.254
12/22/2006,26.471,212.312,?,3582.25,1.254
12/29/2006,26.471,212.312,?,3582.25,1.262
1/3/2007,26.4631,211.01,?,3582.25,1.236
1/10/2007,26.4631,211.01,?,3582.25,1.2075
1/17/2007,26.4631,211.01,?,3582.25,1.216
1/24/2007,26.4631,211.01,?,3582.25,1.1695
1/31/2007,26.4631,211.01,?,3582.25,1.1765
2/1/2007,26.29,238.548,?,3582.25,1.1875
2/8/2007,26.29,238.548,?,3582.25,1.1555
2/15/2007,26.29,238.548,?,3582.25,1.153
2/22/2007,26.29,238.548,?,3582.25,1.189
3/1/2007,26.1623,206.324,?,3582.25,1.166
3/8/2007,26.1623,206.324,?,3582.25,1.124
3/15/2007,26.1623,206.324,?,3582.25,1.1055
3/22/2007,26.1623,206.324,?,3582.25,1.1175
3/29/2007,26.1623,206.324,?,3582.25,1.106
4/2/2007,25.9278,180.34,?,3247.67,1.086
4/9/2007,25.9278,180.34,?,3247.67,1.0965
4/16/2007,25.9278,180.34,?,3247.67,1.0845
4/23/2007,25.9278,180.34,?,3247.67,1.0635
4/30/2007,25.9278,180.34,?,3247.67,1.0555
5/1/2007,24.7602,126.265,?,3247.67,1.0485
5/8/2007,24.7602,126.265,?,3247.67,1.0525
5/15/2007,24.7602,126.265,?,3247.67,1.073
5/22/2007,24.7602,126.265,?,3247.67,1.1155
5/29/2007,24.7602,126.265,?,3247.67,1.107
6/1/2007,24.2219,66.7872,?,3247.67,1.174
6/8/2007,24.2219,66.7872,?,3247.67,1.1485
6/15/2007,24.2219,66.7872,?,3247.67,1.147
6/22/2007,24.2219,66.7872,?,3247.67,1.136
6/29/2007,24.2219,66.7872,?,3247.67,1.1244
7/2/2007,23.949,71.0081,?,3247.67,1.12
7/9/2007,23.949,71.0081,?,3247.67,1.094
7/16/2007,23.949,71.0081,?,3247.67,1.1175
7/23/2007,23.949,71.0081,?,3247.67,1.1235
7/30/2007,23.949,71.0081,?,3247.67,1.1295
8/1/2007,24.3313,53.2561,?,3247.67,1.131
8/8/2007,24.3313,53.2561,?,3247.67,1.185
8/15/2007,24.3313,53.2561,?,3247.67,1.192
8/22/2007,24.3313,53.2561,?,3247.67,1.1445
8/29/2007,24.3313,53.2561,?,3247.67,1.1403
9/4/2007,26.2888,49.9335,?,3247.67,1.1795
9/11/2007,26.2888,49.9335,?,3247.67,1.195
9/18/2007,26.2888,49.9335,?,3247.67,1.304
9/25/2007,26.2888,49.9335,?,3247.67,1.331
10/1/2007,26.8244,112.759,?,3247.67,1.3485
10/8/2007,26.8244,112.759,?,3247.67,1.3875
10/15/2007,26.8244,112.759,?,3247.67,1.3005
10/22/2007,26.8244,112.759,?,3247.67,1.2355
10/29/2007,26.8244,112.759,?,3247.67,1.2235
11/1/2007,26.2846,164.382,?,3247.67,1.226
11/8/2007,26.2846,164.382,?,3247.67,1.219
11/15/2007,26.2846,164.382,?,3247.67,1.248
11/26/2007,26.2846,164.382,?,3247.67,1.221
11/29/2007,26.2846,164.382,?,3247.67,1.2721
12/3/2007,26.1926,207.879,0.00,3247.67,1.2995
12/10/2007,26.1926,207.879,0.00,3247.67,1.335
12/17/2007,26.1926,207.879,0.00,3247.67,1.3345
12/26/2007,26.1926,207.879,0.00,3247.67,1.3365
12/31/2007,26.1926,207.879,0.00,3247.67,1.362
1/2/2008,25.541,269.327,0.00,3247.67,1.34
1/9/2008,25.541,269.327,0.00,3247.67,1.356
1/16/2008,25.541,269.327,0.00,3247.67,1.349
1/23/2008,25.541,269.327,0.00,3247.67,1.313
1/30/2008,25.541,269.327,0.00,3247.67,1.3655
2/1/2008,25.7479,242.999,1.00,3247.67,1.391
2/8/2008,25.7479,242.999,1.00,3247.67,1.472
2/15/2008,25.7479,242.999,1.00,3247.67,1.4985
2/22/2008,25.7479,242.999,1.00,3247.67,1.6015
2/29/2008,25.7479,242.999,1.00,3247.67,1.6636
3/3/2008,25.6103,282.227,1.00,3247.67,1.6755
3/10/2008,25.6103,282.227,1.00,3247.67,1.505
3/17/2008,25.6103,282.227,1.00,3247.67,1.36
3/24/2008,25.6103,282.227,1.00,3247.67,1.2875
3/31/2008,25.6103,282.227,1.00,3247.67,1.274
4/1/2008,25.177,200.521,2.00,4207.50,1.291
4/8/2008,25.177,200.521,2.00,4207.50,1.332
4/15/2008,25.177,200.521,2.00,4207.50,1.342
4/22/2008,25.177,200.521,2.00,4207.50,1.353
4/29/2008,25.177,200.521,2.00,4207.50,1.3492
5/1/2008,24.0721,136.21,6.00,4207.50,1.2925
5/8/2008,24.0721,136.21,6.00,4207.50,1.3455
5/15/2008,24.0721,136.21,6.00,4207.50,1.368
5/22/2008,24.0721,136.21,6.00,4207.50,1.342
5/29/2008,24.0721,136.21,6.00,4207.50,1.325
6/2/2008,23.3609,78.7739,7.00,4207.50,1.3735
6/9/2008,23.3609,78.7739,7.00,4207.50,1.3105
6/16/2008,23.3609,78.7739,7.00,4207.50,1.3605
6/23/2008,23.3609,78.7739,7.00,4207.50,1.438
6/30/2008,23.3609,78.7739,7.00,4207.50,1.5274
7/1/2008,24.2316,54.1944,16.00,4207.50,1.5535
7/8/2008,24.2316,54.1944,16.00,4207.50,1.424
7/15/2008,24.2316,54.1944,16.00,4207.50,1.407
7/22/2008,24.2316,54.1944,16.00,4207.50,1.3745
7/29/2008,24.2316,54.1944,16.00,4207.50,1.364
8/1/2008,25.2559,55.0211,16.00,4207.50,1.4015
8/8/2008,25.2559,55.0211,16.00,4207.50,1.358
8/15/2008,25.2559,55.0211,16.00,4207.50,1.3285
8/22/2008,25.2559,55.0211,16.00,4207.50,1.4025
8/29/2008,25.2559,55.0211,16.00,4207.50,1.4498
9/2/2008,25.5867,72.8734,7.00,4207.50,1.4445
9/9/2008,25.5867,72.8734,7.00,4207.50,1.401
9/16/2008,25.5867,72.8734,7.00,4207.50,1.334
9/23/2008,25.5867,72.8734,7.00,4207.50,1.349
9/30/2008,25.5867,72.8734,7.00,4207.50,1.3045
10/1/2008,26.843,117.422,8.00,4207.50,1.291
10/8/2008,26.843,117.422,8.00,4207.50,1.1455
10/15/2008,26.843,117.422,8.00,4207.50,1.1325
10/22/2008,26.843,117.422,8.00,4207.50,1.126
10/29/2008,26.843,117.422,8.00,4207.50,1.122
11/3/2008,26.1698,158.431,2.00,4207.50,1.1235
11/10/2008,26.1698,158.431,2.00,4207.50,1.128
11/17/2008,26.1698,158.431,2.00,4207.50,1.1055
11/24/2008,26.1698,158.431,2.00,4207.50,1.1257
12/2/2008,26.0047,234.8,16.00,4207.50,1.119
12/9/2008,26.0047,234.8,16.00,4207.50,1.0985
12/16/2008,26.0047,234.8,16.00,4207.50,1.111
12/23/2008,26.0047,234.8,16.00,4207.50,1.0745
12/30/2008,26.0047,234.8,16.00,4207.50,1.0755
1/2/2009,25.786,244.211,16.00,4207.50,1.109
1/9/2009,25.786,244.211,16.00,4207.50,1.169
1/16/2009,25.786,244.211,16.00,4207.50,1.158
1/23/2009,25.786,244.211,16.00,4207.50,1.1965
1/30/2009,25.786,244.211,16.00,4207.50,1.189
2/2/2009,25.7919,239.898,16.00,4207.50,1.1975
2/9/2009,25.7919,239.898,16.00,4207.50,1.214
2/17/2009,25.7919,239.898,16.00,4207.50,1.1035
2/23/2009,25.7919,239.898,16.00,4207.50,1.1085
3/2/2009,26.0315,258.226,16.00,4207.50,1.057
3/9/2009,26.0315,258.226,16.00,4207.50,1.063
3/16/2009,26.0315,258.226,16.00,4207.50,1.1075
3/23/2009,26.0315,258.226,16.00,4207.50,1.175
3/30/2009,26.0315,258.226,16.00,4207.50,1.13
4/1/2009,25.4516,203.406,16.00,3664.75,1.145
4/8/2009,25.4516,203.406,16.00,3664.75,1.182
4/15/2009,25.4516,203.406,16.00,3664.75,1.157
4/22/2009,25.4516,203.406,16.00,3664.75,1.1695
4/29/2009,25.4516,203.406,16.00,3664.75,1.1632
5/1/2009,24.7343,142.902,16.00,3664.75,1.204
5/8/2009,24.7343,142.902,16.00,3664.75,1.267
5/15/2009,24.7343,142.902,16.00,3664.75,1.278
5/22/2009,24.7343,142.902,16.00,3664.75,1.35
5/29/2009,24.7343,142.902,16.00,3664.75,1.374
6/1/2009,23.4664,100.967,16.00,3664.75,1.4225
6/8/2009,23.4664,100.967,16.00,3664.75,1.3005
6/15/2009,23.4664,100.967,16.00,3664.75,1.2135
6/22/2009,23.4664,100.967,16.00,3664.75,1.177
6/29/2009,23.4664,100.967,16.00,3664.75,1.1929
7/1/2009,24.185,73.1322,16.00,3664.75,1.1905
7/8/2009,24.185,73.1322,16.00,3664.75,1.152
7/15/2009,24.185,73.1322,16.00,3664.75,1.1795
7/22/2009,24.185,73.1322,16.00,3664.75,1.201
7/29/2009,24.185,73.1322,16.00,3664.75,1.2285
8/3/2009,25.1073,60.1821,16.00,3664.75,1.3305
8/10/2009,25.1073,60.1821,16.00,3664.75,1.3585
8/17/2009,25.1073,60.1821,16.00,3664.75,1.2545
8/24/2009,25.1073,60.1821,16.00,3664.75,1.21
8/31/2009,25.1073,60.1821,16.00,3664.75,1.2202
9/1/2009,26.3294,79.7847,16.00,3664.75,1.201
9/8/2009,26.3294,79.7847,16.00,3664.75,1.246
9/15/2009,26.3294,79.7847,16.00,3664.75,1.346
9/22/2009,26.3294,79.7847,16.00,3664.75,1.3805
9/29/2009,26.3294,79.7847,16.00,3664.75,1.255
10/1/2009,26.5985,150.08,16.00,3664.75,1.267
10/8/2009,26.5985,150.08,16.00,3664.75,1.379
10/15/2009,26.5985,150.08,16.00,3664.75,1.3775
10/22/2009,26.5985,150.08,16.00,3664.75,1.4365
10/29/2009,26.5985,150.08,16.00,3664.75,1.3675
11/2/2009,27.164,138.861,16.00,3664.75,1.4235
11/9/2009,27.164,138.861,16.00,3664.75,1.4005
11/16/2009,27.164,138.861,16.00,3664.75,1.3635
11/23/2009,27.164,138.861,16.00,3664.75,1.363
11/30/2009,27.164,138.861,16.00,3664.75,1.4195
12/1/2009,26.1718,238.941,16.00,3664.75,1.427
12/8/2009,26.1718,238.941,16.00,3664.75,1.439
12/15/2009,26.1718,238.941,16.00,3664.75,1.4725
12/22/2009,26.1718,238.941,16.00,3664.75,1.4245
12/29/2009,26.1718,238.941,16.00,3664.75,1.3635
1/4/2010,26.5247,239.131,?,3664.75,1.4185
1/8/2010,26.5247,239.131,?,3664.75,1.4535
1/15/2010,26.5247,239.131,?,3664.75,1.4075
1/22/2010,26.5247,239.131,?,3664.75,1.396
1/29/2010,26.5247,239.131,?,3664.75,1.317
2/1/2010,27.1162,217.316,?,3664.75,1.3255
2/8/2010,27.1162,217.316,?,3664.75,1.3065
2/16/2010,27.1162,217.316,?,3664.75,1.3345
2/22/2010,27.1162,217.316,?,3664.75,1.2985
3/1/2010,26.8646,235.459,?,3664.75,1.3175
3/8/2010,26.8646,235.459,?,3664.75,1.311
3/15/2010,26.8646,235.459,?,3664.75,1.3105
3/22/2010,26.8646,235.459,?,3664.75,1.33
3/29/2010,26.8646,235.459,?,3664.75,1.3815
4/1/2010,25.8815,200.44,?,4452.33,1.374
4/8/2010,25.8815,200.44,?,4452.33,1.347
4/15/2010,25.8815,200.44,?,4452.33,1.3175
4/22/2010,25.8815,200.44,?,4452.33,1.311
4/29/2010,25.8815,200.44,?,4452.33,1.3456
5/3/2010,25.0834,132.966,?,4452.33,1.3855
5/10/2010,25.0834,132.966,?,4452.33,1.3415
5/17/2010,25.0834,132.966,?,4452.33,1.3255
5/24/2010,25.0834,132.966,?,4452.33,1.3225
5/28/2010,25.0834,132.966,?,4452.33,1.3425
6/1/2010,23.8137,73.3218,?,4452.33,1.3655
6/8/2010,23.8137,73.3218,?,4452.33,1.3355
6/15/2010,23.8137,73.3218,?,4452.33,1.5935
6/22/2010,23.8137,73.3218,?,4452.33,1.591
6/29/2010,23.8137,73.3218,?,4452.33,1.6249
7/1/2010,24.1657,66.8321,?,4452.33,1.6825
7/8/2010,24.1657,66.8321,?,4452.33,1.621
7/15/2010,24.1657,66.8321,?,4452.33,1.671
7/22/2010,24.1657,66.8321,?,4452.33,1.617
7/29/2010,24.1657,66.8321,?,4452.33,1.7305
8/2/2010,24.768,40.6411,?,4452.33,1.725
8/9/2010,24.768,40.6411,?,4452.33,1.696
8/16/2010,24.768,40.6411,?,4452.33,1.787
8/23/2010,24.768,40.6411,?,4452.33,1.815
8/30/2010,24.768,40.6411,?,4452.33,1.8066
9/1/2010,26.6081,58.2369,?,4452.33,1.8235
9/8/2010,26.6081,58.2369,?,4452.33,1.9455
9/15/2010,26.6081,58.2369,?,4452.33,1.9415
9/22/2010,26.6081,58.2369,?,4452.33,1.7995
9/29/2010,26.6081,58.2369,?,4452.33,1.8575
10/1/2010,26.642,112.547,?,4452.33,1.811
10/8/2010,26.642,112.547,?,4452.33,1.8215
10/15/2010,26.642,112.547,?,4452.33,1.864
10/22/2010,26.642,112.547,?,4452.33,1.9885
10/29/2010,26.642,112.547,?,4452.33,2.0345
11/1/2010,26.1814,165.323,?,4452.33,1.977
11/8/2010,26.1814,165.323,?,4452.33,2.081
11/15/2010,26.1814,165.323,?,4452.33,2.0445
11/22/2010,26.1814,165.323,?,4452.33,2.0615
11/29/2010,26.1814,165.323,?,4452.33,2.0255
12/1/2010,26.2464,216.298,?,4452.33,2.0355
12/8/2010,26.2464,216.298,?,4452.33,2.0465
12/15/2010,26.2464,216.298,?,4452.33,2.175
12/22/2010,26.2464,216.298,?,4452.33,2.302
12/29/2010,26.2464,216.298,?,4452.33,2.3965
1/4/2011,25.9,242.105,?,4452.33,2.3495
1/10/2011,25.9,242.105,?,4452.33,2.3125
1/18/2011,25.9,242.105,?,4452.33,2.3535
1/24/2011,25.9,242.105,?,4452.33,2.373
1/31/2011,25.9,242.105,?,4452.33,2.448
2/1/2011,25.9348,255.756,?,4452.33,2.494
2/8/2011,25.9348,255.756,?,4452.33,2.476
2/15/2011,25.9348,255.756,?,4452.33,2.5805
2/22/2011,25.9348,255.756,?,4452.33,2.736
3/1/2011,25.6607,278.911,?,4452.33,2.693
3/8/2011,25.6607,278.911,?,4452.33,2.872
3/15/2011,25.6607,278.911,?,4452.33,2.6295
3/22/2011,25.6607,278.911,?,4452.33,2.7345
3/29/2011,25.6607,278.911,?,4452.33,2.6145
4/1/2011,25.6547,202.007,?,4216.00,2.599
4/8/2011,25.6547,202.007,?,4216.00,2.7495
4/15/2011,25.6547,202.007,?,4216.00,2.881
4/25/2011,25.6547,202.007,?,4216.00,2.879
4/29/2011,25.6547,202.007,?,4216.00,2.9975
5/2/2011,24.772,135.243,?,4216.00,3.051
5/9/2011,24.772,135.243,?,4216.00,2.874
5/16/2011,24.772,135.243,?,4216.00,2.641
5/23/2011,24.772,135.243,?,4216.00,2.6255
5/31/2011,24.772,135.243,?,4216.00,2.646
6/1/2011,24.1581,72.2356,?,4216.00,2.5595
6/8/2011,24.1581,72.2356,?,4216.00,2.6385
6/15/2011,24.1581,72.2356,?,4216.00,2.6265
6/22/2011,24.1581,72.2356,?,4216.00,2.4375
6/29/2011,24.1581,72.2356,?,4216.00,2.6052
7/1/2011,24.358,59.303,?,4216.00,2.6365
7/8/2011,24.358,59.303,?,4216.00,2.633
7/15/2011,24.358,59.303,?,4216.00,2.5355
7/22/2011,24.358,59.303,?,4216.00,2.415
7/29/2011,24.358,59.303,?,4216.00,2.3955
8/1/2011,25.2135,52.8688,?,4216.00,2.4135
8/8/2011,25.2135,52.8688,?,4216.00,2.342
8/15/2011,25.2135,52.8688,?,4216.00,2.457
8/22/2011,25.2135,52.8688,?,4216.00,2.647
8/29/2011,25.2135,52.8688,?,4216.00,2.8475
9/1/2011,26.2502,50.6007,?,4216.00,2.8975
9/8/2011,26.2502,50.6007,?,4216.00,2.841
9/15/2011,26.2502,50.6007,?,4216.00,2.6055
9/22/2011,26.2502,50.6007,?,4216.00,2.3925
9/29/2011,26.2502,50.6007,?,4216.00,2.3115
10/3/2011,26.2576,141.086,?,4216.00,2.2345
10/10/2011,26.2576,141.086,?,4216.00,2.263
10/17/2011,26.2576,141.086,?,4216.00,2.34
10/24/2011,26.2576,141.086,?,4216.00,2.508
10/31/2011,26.2576,141.086,?,4216.00,2.2695
11/1/2011,26.0925,167.478,?,4216.00,2.2365
11/8/2011,26.0925,167.478,?,4216.00,2.296
11/15/2011,26.0925,167.478,?,4216.00,2.395
11/22/2011,26.0925,167.478,?,4216.00,2.329
11/29/2011,26.0925,167.478,?,4216.00,2.2663
12/1/2011,26.1414,174.786,?,4216.00,2.357
12/8/2011,26.1414,174.786,?,4216.00,2.2865
12/15/2011,26.1414,174.786,?,4216.00,2.1775
12/22/2011,26.1414,174.786,?,4216.00,2.214
12/29/2011,26.1414,174.786,?,4216.00,2.2425
1/3/2012,25.6388,256.525,?,4216.00,2.272
1/9/2012,25.6388,256.525,?,4216.00,2.2185
1/17/2012,25.6388,256.525,?,4216.00,2.2515
1/23/2012,25.6388,256.525,?,4216.00,2.1945
1/30/2012,25.6388,256.525,?,4216.00,2.166
2/1/2012,25.8926,236.079,?,4216.00,2.141
2/8/2012,25.8926,236.079,?,4216.00,2.2005
2/15/2012,25.8926,236.079,?,4216.00,2.004
2/22/2012,25.8926,236.079,?,4216.00,2.0075
2/29/2012,25.8926,236.079,?,4216.00,2.0323
3/1/2012,25.8586,221.277,?,4216.00,2.041
3/8/2012,25.8586,221.277,?,4216.00,1.894
3/15/2012,25.8586,221.277,?,4216.00,1.853
3/22/2012,25.8586,221.277,?,4216.00,1.7695
3/29/2012,25.8586,221.277,?,4216.00,1.7645
4/2/2012,25.9351,167.591,?,4618.33,1.862
4/9/2012,25.9351,167.591,?,4618.33,1.7805
4/16/2012,25.9351,167.591,?,4618.33,1.747
4/23/2012,25.9351,167.591,?,4618.33,1.777
4/30/2012,25.9351,167.591,?,4618.33,1.7923
5/1/2012,24.9448,110.244,?,4618.33,1.8415
5/8/2012,24.9448,110.244,?,4618.33,1.7495
5/15/2012,24.9448,110.244,?,4618.33,1.784
5/22/2012,24.9448,110.244,?,4618.33,1.745
5/29/2012,24.9448,110.244,?,4618.33,1.654
6/1/2012,24.4159,73.5002,?,4618.33,1.575
6/8/2012,24.4159,73.5002,?,4618.33,1.556
6/15/2012,24.4159,73.5002,?,4618.33,1.5005
6/22/2012,24.4159,73.5002,?,4618.33,1.5515
6/29/2012,24.4159,73.5002,?,4618.33,1.7058
7/2/2012,24.159,61.2338,?,4618.33,1.746
7/9/2012,24.159,61.2338,?,4618.33,1.8235
7/16/2012,24.159,61.2338,?,4618.33,1.8395
7/23/2012,24.159,61.2338,?,4618.33,1.851
7/30/2012,24.159,61.2338,?,4618.33,1.7835
8/1/2012,25.013,38.7857,?,4618.33,1.746
8/8/2012,25.013,38.7857,?,4618.33,1.705
8/15/2012,25.013,38.7857,?,4618.33,1.619
8/22/2012,25.013,38.7857,?,4618.33,1.5895
8/29/2012,25.013,38.7857,?,4618.33,1.665
9/4/2012,26.4278,60.5942,?,4618.33,1.653
9/11/2012,26.4278,60.5942,?,4618.33,1.7755
9/18/2012,26.4278,60.5942,?,4618.33,1.775
9/25/2012,26.4278,60.5942,?,4618.33,1.7365
10/1/2012,27.1908,87.7291,?,4618.33,1.7805
10/8/2012,27.1908,87.7291,?,4618.33,1.691
10/15/2012,27.1908,87.7291,?,4618.33,1.6085
10/22/2012,27.1908,87.7291,?,4618.33,1.645
10/29/2012,27.1908,87.7291,?,4618.33,1.6165
11/1/2012,26.6045,157.772,?,4618.33,1.5345
11/8/2012,26.6045,157.772,?,4618.33,1.514
11/15/2012,26.6045,157.772,?,4618.33,1.49
11/23/2012,26.6045,157.772,?,4618.33,1.4215
11/29/2012,26.6045,157.772,?,4618.33,1.523
12/3/2012,26.5033,181.369,?,4618.33,1.507
12/10/2012,26.5033,181.369,?,4618.33,1.47
12/17/2012,26.5033,181.369,?,4618.33,1.4595
12/24/2012,26.5033,181.369,?,4618.33,1.47
12/31/2012,26.5033,181.369,?,4618.33,1.438
1/2/2013,26.2797,234.837,?,4618.33,1.494
1/8/2013,26.2797,234.837,?,4618.33,1.4815
1/15/2013,26.2797,234.837,?,4618.33,1.525
1/22/2013,26.2797,234.837,?,4618.33,1.486
1/29/2013,26.2797,234.837,?,4618.33,1.498
2/1/2013,26.421,224.993,?,4618.33,1.4795
2/8/2013,26.421,224.993,?,4618.33,1.4105
2/15/2013,26.421,224.993,?,4618.33,1.3695
2/22/2013,26.421,224.993,?,4618.33,1.431
3/1/2013,26.4633,201.49,?,4618.33,1.4335
3/8/2013,26.4633,201.49,?,4618.33,1.4405
3/15/2013,26.4633,201.49,?,4618.33,1.375
3/22/2013,26.4633,201.49,?,4618.33,1.353
3/28/2013,26.4633,201.49,?,4618.33,1.3715
4/1/2013,25.7173,169.603,?,4558.17,1.384
4/8/2013,25.7173,169.603,?,4558.17,1.359
4/15/2013,25.7173,169.603,?,4558.17,1.3445
4/22/2013,25.7173,169.603,?,4558.17,1.425
4/29/2013,25.7173,169.603,?,4558.17,1.3369
5/1/2013,25.0598,140.204,?,4558.17,1.347
5/8/2013,25.0598,140.204,?,4558.17,1.4415
5/15/2013,25.0598,140.204,?,4558.17,1.4055
5/22/2013,25.0598,140.204,?,4558.17,1.2845
5/29/2013,25.0598,140.204,?,4558.17,1.276
6/3/2013,24.7923,87.4064,?,4558.17,1.29
6/10/2013,24.7923,87.4064,?,4558.17,1.2875
6/17/2013,24.7923,87.4064,?,4558.17,1.2235
6/24/2013,24.7923,87.4064,?,4558.17,1.1945
7/1/2013,24.2248,72.0245,?,4558.17,1.216
7/8/2013,24.2248,72.0245,?,4558.17,1.2345
7/15/2013,24.2248,72.0245,?,4558.17,1.2325
7/22/2013,24.2248,72.0245,?,4558.17,1.253
7/29/2013,24.2248,72.0245,?,4558.17,1.2115
8/1/2013,24.5482,59.2378,?,4558.17,1.156
8/8/2013,24.5482,59.2378,?,4558.17,1.2205
8/15/2013,24.5482,59.2378,?,4558.17,1.2185
8/22/2013,24.5482,59.2378,?,4558.17,1.132
8/29/2013,24.5482,59.2378,?,4558.17,1.1585
9/3/2013,26.1844,69.5931,?,4558.17,1.172
9/10/2013,26.1844,69.5931,?,4558.17,1.1665
9/17/2013,26.1844,69.5931,?,4558.17,1.1495
9/24/2013,26.1844,69.5931,?,4558.17,1.1785
10/1/2013,26.541,121.637,?,4558.17,1.141
10/8/2013,26.541,121.637,?,4558.17,1.1505
10/15/2013,26.541,121.637,?,4558.17,1.1645
10/22/2013,26.541,121.637,?,4558.17,1.1195
10/29/2013,26.541,121.637,?,4558.17,1.0695
11/1/2013,26.1609,174.882,?,4558.17,1.0555
11/8/2013,26.1609,174.882,?,4558.17,1.0405
11/15/2013,26.1609,174.882,?,4558.17,1.0575
11/22/2013,26.1609,174.882,?,4558.17,1.071
11/29/2013,26.1609,174.882,?,4558.17,1.1073
12/2/2013,26.3776,209.051,?,4558.17,1.099
12/9/2013,26.3776,209.051,?,4558.17,1.061
12/16/2013,26.3776,209.051,?,4558.17,1.153
12/23/2013,26.3776,209.051,?,4558.17,1.1585
12/30/2013,26.3776,209.051,?,4558.17,1.147
1/2/2014,26.351,196.904,?,4558.17,1.114
1/9/2014,26.351,196.904,?,4558.17,1.1935
1/16/2014,26.351,196.904,?,4558.17,1.1835
1/23/2014,26.351,196.904,?,4558.17,1.152
1/30/2014,26.351,196.904,?,4558.17,1.2
2/3/2014,26.1318,225.965,?,4558.17,1.3595
2/10/2014,26.1318,225.965,?,4558.17,1.362
2/18/2014,26.1318,225.965,?,4558.17,1.5265
2/24/2014,26.1318,225.965,?,4558.17,1.756
3/3/2014,25.9359,265.892,?,4558.17,1.9345
3/10/2014,25.9359,265.892,?,4558.17,2.034
3/17/2014,25.9359,265.892,?,4558.17,1.914
3/24/2014,25.9359,265.892,?,4558.17,1.764
3/31/2014,25.9359,265.892,?,4558.17,1.779
4/1/2014,25.9241,197.089,?,4358.25,1.7525
4/8/2014,25.9241,197.089,?,4358.25,1.965
4/15/2014,25.9241,197.089,?,4358.25,1.9215
4/22/2014,25.9241,197.089,?,4358.25,2.118
4/29/2014,25.9241,197.089,?,4358.25,2.107
5/1/2014,25.013,138.216,?,4358.25,2.0415
5/8/2014,25.013,138.216,?,4358.25,1.955
5/15/2014,25.013,138.216,?,4358.25,1.968
5/22/2014,25.013,138.216,?,4358.25,1.8135
5/29/2014,25.013,138.216,?,4358.25,1.8195
6/2/2014,24.5104,83.0714,?,4358.25,1.7235
6/9/2014,24.5104,83.0714,?,4358.25,1.6535
6/16/2014,24.5104,83.0714,?,4358.25,1.7295
6/23/2014,24.5104,83.0714,?,4358.25,1.751
6/30/2014,24.5104,83.0714,?,4358.25,1.7468
7/1/2014,24.0321,72.0266,?,4358.25,1.7095
7/8/2014,24.0321,72.0266,?,4358.25,1.7295
7/15/2014,24.0321,72.0266,?,4358.25,1.6195
7/22/2014,24.0321,72.0266,?,4358.25,1.683
7/29/2014,24.0321,72.0266,?,4358.25,1.807
8/1/2014,25.2679,49.3802,?,4358.25,1.9235
8/8/2014,25.2679,49.3802,?,4358.25,1.8085
8/15/2014,25.2679,49.3802,?,4358.25,1.8085
8/22/2014,25.2679,49.3802,?,4358.25,1.816
8/29/2014,25.2679,49.3802,?,4358.25,2.0011
9/2/2014,26.8389,69.5973,?,4358.25,2.0945
9/8/2014,26.8389,69.5973,?,4358.25,1.9445
9/15/2014,26.8389,69.5973,?,4358.25,1.822
9/22/2014,26.8389,69.5973,?,4358.25,1.794
9/29/2014,26.8389,69.5973,?,4358.25,1.9125
10/1/2014,26.9653,94.486,?,4358.25,2.004
10/8/2014,26.9653,94.486,?,4358.25,2.1445
10/15/2014,26.9653,94.486,?,4358.25,2.16
10/22/2014,26.9653,94.486,?,4358.25,1.911
10/29/2014,26.9653,94.486,?,4358.25,1.896
11/3/2014,26.6748,167.468,?,4358.25,1.8585
11/10/2014,26.6748,167.468,?,4358.25,1.814
11/17/2014,26.6748,167.468,?,4358.25,1.875
11/24/2014,26.6748,167.468,?,4358.25,1.8982
12/1/2014,26.3578,186.197,?,4358.25,1.904
12/8/2014,26.3578,186.197,?,4358.25,1.7805
12/15/2014,26.3578,186.197,?,4358.25,1.7865
12/22/2014,26.3578,186.197,?,4358.25,1.7215
12/29/2014,26.3578,186.197,?,4358.25,1.6515
1/2/2015,26.6425,198.68,?,4358.25,1.6105
1/12/2015,26.6425,198.68,?,4358.25,1.7675
1/20/2015,26.6425,198.68,?,4358.25,1.643
1/27/2015,26.6425,198.68,?,4358.25,1.682
2/2/2015,26.3971,195.832,?,4358.25,1.6245
2/9/2015,26.3971,195.832,?,4358.25,1.676
2/17/2015,26.3971,195.832,?,4358.25,1.5565
2/23/2015,26.3971,195.832,?,4358.25,1.4445
3/2/2015,26.027,246.911,?,4358.25,1.3835
3/9/2015,26.027,246.911,?,4358.25,1.37
3/16/2015,26.027,246.911,?,4358.25,1.3805
3/23/2015,26.027,246.911,?,4358.25,1.4185
3/30/2015,26.027,246.911,?,4358.25,1.3235
4/1/2015,25.9741,193.641,?,4368.83,1.3485
4/8/2015,25.9741,193.641,?,4368.83,1.357
4/15/2015,25.9741,193.641,?,4368.83,1.358
4/22/2015,25.9741,193.641,?,4368.83,1.424
4/29/2015,25.9741,193.641,?,4368.83,1.3874
5/1/2015,25.2458,147.71,?,4368.83,1.342
5/8/2015,25.2458,147.71,?,4368.83,1.3465
5/15/2015,25.2458,147.71,?,4368.83,1.3825
5/22/2015,25.2458,147.71,?,4368.83,1.2695
5/29/2015,25.2458,147.71,?,4368.83,1.2615
6/1/2015,24.6914,74.0922,?,4368.83,1.298
6/8/2015,24.6914,74.0922,?,4368.83,1.3655
6/15/2015,24.6914,74.0922,?,4368.83,1.278
6/22/2015,24.6914,74.0922,?,4368.83,1.3035
6/29/2015,24.6914,74.0922,?,4368.83,1.3176
7/1/2015,24.7691,79.5209,?,4368.83,1.27
7/8/2015,24.7691,79.5209,?,4368.83,1.2495
7/15/2015,24.7691,79.5209,?,4368.83,1.2975
7/22/2015,24.7691,79.5209,?,4368.83,1.2505
7/29/2015,24.7691,79.5209,?,4368.83,1.249
8/3/2015,25.7966,45.9809,?,4368.83,1.2395
8/10/2015,25.7966,45.9809,?,4368.83,1.335
8/17/2015,25.7966,45.9809,?,4368.83,1.3475
8/24/2015,25.7966,45.9809,?,4368.83,1.175
8/31/2015,25.7966,45.9809,?,4368.83,1.2355
9/1/2015,27.3316,55.3684,?,4368.83,1.208
9/8/2015,27.3316,55.3684,?,4368.83,1.21
9/15/2015,27.3316,55.3684,?,4368.83,1.187
9/22/2015,27.3316,55.3684,?,4368.83,1.1545
9/29/2015,27.3316,55.3684,?,4368.83,1.2085
10/1/2015,27.21,82.2525,?,4368.83,1.2075
10/8/2015,27.21,82.2525,?,4368.83,1.2845
10/15/2015,27.21,82.2525,?,4368.83,1.337
10/22/2015,27.21,82.2525,?,4368.83,1.1985
10/29/2015,27.21,82.2525,?,4368.83,1.203
11/2/2015,27.3725,127.764,?,4368.83,1.188
11/9/2015,27.3725,127.764,?,4368.83,1.1775
11/16/2015,27.3725,127.764,?,4368.83,1.1435
11/23/2015,27.3725,127.764,?,4368.83,1.1995
11/30/2015,27.3725,127.764,?,4368.83,1.191
12/1/2015,27.1024,151.836,?,4368.83,1.199
12/8/2015,27.1024,151.836,?,4368.83,1.252
12/15/2015,27.1024,151.836,?,4368.83,1.199
12/22/2015,27.1024,151.836,?,4368.83,1.1915
12/29/2015,27.1024,151.836,?,4368.83,1.2145
1/4/2016,26.6425,198.68,?,4368.83,1.239
1/11/2016,26.6425,198.68,?,4368.83,1.1445
1/19/2016,26.6425,198.68,?,4368.83,1.1565
1/25/2016,26.6425,198.68,?,4368.83,1.1645
2/1/2016,26.3971,195.832,?,4368.83,1.1775
2/8/2016,26.3971,195.832,?,4368.83,1.1575
2/16/2016,26.3971,195.832,?,4368.83,1.149
2/22/2016,26.3971,195.832,?,4368.83,1.1985
2/29/2016,26.3971,195.832,?,4368.83,1.1457
3/1/2016,26.027,246.911,?,4368.83,1.1475
3/8/2016,26.027,246.911,?,4368.83,1.217
3/15/2016,26.027,246.911,?,4368.83,1.257
3/22/2016,26.027,246.911,?,4368.83,1.3465
3/29/2016,26.027,246.911,?,4368.83,1.2745
4/1/2016,25.9741,193.641,?,4730.33,1.2725
4/8/2016,25.9741,193.641,?,4730.33,1.2045
4/15/2016,25.9741,193.641,?,4730.33,1.2295
4/22/2016,25.9741,193.641,?,4730.33,1.2275
4/29/2016,25.9741,193.641,?,4730.33,1.2137
5/2/2016,25.2458,147.71,?,4730.33,1.1965
5/9/2016,25.2458,147.71,?,4730.33,1.2645
5/16/2016,25.2458,147.71,?,4730.33,1.336
5/23/2016,25.2458,147.71,?,4730.33,1.2215
5/31/2016,25.2458,147.71,?,4730.33,1.2155
6/1/2016,24.6914,74.0922,?,4730.33,1.219
6/8/2016,24.6914,74.0922,?,4730.33,1.3965
6/15/2016,24.6914,74.0922,?,4730.33,1.382
6/22/2016,24.6914,74.0922,?,4730.33,1.3695
6/29/2016,24.6914,74.0922,?,4730.33,1.4381
7/1/2016,24.7691,79.5209,?,4730.33,1.464
7/8/2016,24.7691,79.5209,?,4730.33,1.441
7/15/2016,24.7691,79.5209,?,4730.33,1.4755
7/22/2016,24.7691,79.5209,?,4730.33,1.419
7/29/2016,24.7691,79.5209,?,4730.33,1.462
8/1/2016,25.7966,45.9809,?,4730.33,1.4345
8/8/2016,25.7966,45.9809,?,4730.33,1.411
8/15/2016,25.7966,45.9809,?,4730.33,1.3695
8/22/2016,25.7966,45.9809,?,4730.33,1.441
8/29/2016,25.7966,45.9809,?,4730.33,1.4444
9/1/2016,27.3316,55.3684,?,4730.33,1.514
9/8/2016,27.3316,55.3684,?,4730.33,1.549
9/15/2016,27.3316,55.3684,?,4730.33,1.489
9/22/2016,27.3316,55.3684,?,4730.33,1.5525
9/29/2016,27.3316,55.3684,?,4730.33,1.5015
10/3/2016,27.21,82.2525,?,4730.33,1.4755
10/10/2016,27.21,82.2525,?,4730.33,1.5285
10/17/2016,27.21,82.2525,?,4730.33,1.571
10/24/2016,27.21,82.2525,?,4730.33,1.579
10/31/2016,27.21,82.2525,?,4730.33,1.6415
11/1/2016,27.3725,127.764,?,4730.33,1.6145
11/8/2016,27.3725,127.764,?,4730.33,1.675
11/15/2016,27.3725,127.764,?,4730.33,1.618
11/22/2016,27.3725,127.764,?,4730.33,1.5725
11/29/2016,27.3725,127.764,?,4730.33,1.5179
12/1/2016,27.1024,151.836,?,4730.33,1.449
12/8/2016,27.1024,151.836,?,4730.33,1.414
12/15/2016,27.1024,151.836,?,4730.33,1.422
12/22/2016,27.1024,151.836,?,4730.33,1.391
12/29/2016,27.1024,151.836,?,4730.33,1.3545
1/3/2017,26.6425,198.68,?,4730.33,1.374
1/10/2017,26.6425,198.68,?,4730.33,1.477
1/17/2017,26.6425,198.68,?,4730.33,1.499
1/24/2017,26.6425,198.68,?,4730.33,1.5235
1/31/2017,26.6425,198.68,?,4730.33,1.4955
2/1/2017,26.3971,195.832,?,4730.33,1.5015
2/8/2017,26.3971,195.832,?,4730.33,1.429
2/15/2017,26.3971,195.832,?,4730.33,1.445
2/22/2017,26.3971,195.832,?,4730.33,1.492
3/1/2017,26.027,246.911,?,4730.33,1.448
3/8/2017,26.027,246.911,?,4730.33,1.4175
3/15/2017,26.027,246.911,?,4730.33,1.409
3/22/2017,26.027,246.911,?,4730.33,1.417
3/29/2017,26.027,246.911,?,4730.33,1.393
4/3/2017,25.9741,193.641,?,4250.00,1.3785
4/10/2017,25.9741,193.641,?,4250.00,1.3985
4/17/2017,25.9741,193.641,?,4250.00,1.411
4/24/2017,25.9741,193.641,?,4250.00,1.295
5/1/2017,25.2458,147.71,?,4250.00,1.3585
5/8/2017,25.2458,147.71,?,4250.00,1.369
5/15/2017,25.2458,147.71,?,4250.00,1.3345
5/22/2017,25.2458,147.71,?,4250.00,1.306
5/30/2017,25.2458,147.71,?,4250.00,1.321
6/1/2017,24.6914,74.0922,?,4250.00,1.277
6/8/2017,24.6914,74.0922,?,4250.00,1.2635
6/15/2017,24.6914,74.0922,?,4250.00,1.258
6/22/2017,24.6914,74.0922,?,4250.00,1.1345
6/29/2017,24.6914,74.0922,?,4250.00,1.2571
7/3/2017,24.7691,79.5209,?,4250.00,1.277
7/10/2017,24.7691,79.5209,?,4250.00,1.286
7/17/2017,24.7691,79.5209,?,4250.00,1.3355
7/24/2017,24.7691,79.5209,?,4250.00,1.3255
7/31/2017,24.7691,79.5209,?,4250.00,1.3925
8/1/2017,25.7966,45.9809,?,4250.00,1.3785
8/8/2017,25.7966,45.9809,?,4250.00,1.4275
8/15/2017,25.7966,45.9809,?,4250.00,1.32
8/22/2017,25.7966,45.9809,?,4250.00,1.2585
8/29/2017,25.7966,45.9809,?,4250.00,1.2784
9/5/2017,27.3316,55.3684,?,4250.00,1.2785
9/12/2017,27.3316,55.3684,?,4250.00,1.3505
9/19/2017,27.3316,55.3684,?,4250.00,1.3535
9/26/2017,27.3316,55.3684,?,4250.00,1.3225
10/2/2017,27.21,82.2525,?,4250.00,1.272
10/9/2017,27.21,82.2525,?,4250.00,1.3095
10/16/2017,27.21,82.2525,?,4250.00,1.2375
10/23/2017,27.21,82.2525,?,4250.00,1.2435
10/30/2017,27.21,82.2525,?,4250.00,1.259
11/1/2017,27.3725,127.764,?,4250.00,1.2295
11/8/2017,27.3725,127.764,?,4250.00,1.2575
11/15/2017,27.3725,127.764,?,4250.00,1.2675
11/22/2017,27.3725,127.764,?,4250.00,1.2455
11/29/2017,27.3725,127.764,?,4250.00,1.3116
12/1/2017,27.1024,151.836,?,4250.00,1.2955
12/8/2017,27.1024,151.836,?,4250.00,1.226
12/15/2017,27.1024,151.836,?,4250.00,1.2075
12/22/2017,27.1024,151.836,?,4250.00,1.204
12/29/2017,27.1024,151.836,?,4250.00,1.262
1/2/2018,26.6425,117,1.00,4250.00,1.302
1/9/2018,26.6425,117,1.00,4250.00,1.2515
1/16/2018,26.6425,117,1.00,4250.00,1.2045
1/23/2018,26.6425,117,1.00,4250.00,1.2095
1/30/2018,26.6425,117,1.00,4250.00,1.223
2/1/2018,26.3971,107,?,4250.00,1.214
2/8/2018,26.3971,107,?,4250.00,1.2285
2/15/2018,26.3971,107,?,4250.00,1.2175
2/22/2018,26.3971,107,?,4250.00,1.196
3/1/2018,26.027,202,9.00,4250.00,1.2395
3/8/2018,26.027,202,9.00,4250.00,1.203
3/15/2018,26.027,202,9.00,4250.00,1.1875
3/22/2018,26.027,202,9.00,4250.00,1.19
3/29/2018,26.027,202,9.00,4250.00,1.1815
4/2/2018,25.9741,73,?,5000.00,1.164
4/9/2018,25.9741,73,?,5000.00,1.1865
4/16/2018,25.9741,73,?,5000.00,1.1425
4/23/2018,25.9741,73,?,5000.00,1.17
4/30/2018,25.9741,73,?,5000.00,1.2237
5/1/2018,25.2458,46,46.00,5000.00,1.248
5/8/2018,25.2458,46,46.00,5000.00,1.196
5/15/2018,25.2458,46,46.00,5000.00,1.1695
5/22/2018,25.2458,46,46.00,5000.00,1.2085
5/29/2018,25.2458,46,46.00,5000.00,1.2025
6/1/2018,24.6914,9,?,5000.00,1.2275
6/8/2018,24.6914,9,?,5000.00,1.1725
6/15/2018,24.6914,9,?,5000.00,1.152
6/22/2018,24.6914,9,?,5000.00,1.1385
6/29/2018,24.6914,9,?,5000.00,1.1438
7/2/2018,24.7691,6,?,5000.00,1.1165
7/9/2018,24.7691,6,?,5000.00,1.1505
7/16/2018,24.7691,6,?,5000.00,1.103
7/23/2018,24.7691,6,?,5000.00,1.1165
7/30/2018,24.7691,6,?,5000.00,1.114
